top5_labid,siteid,stateid,latitude,longitude,colldate,landcover1,landcover2,top5_depth,top5_quartz,top5_tot_k_fs,top5_tot_plag,top5_tot_flds,top5_tot_14a,top5_tot_10a,top5_kaolinit,top5_tot_clay,top5_gibbsite,top5_calcite,top5_dolomite,top5_aragon,top5_tot_carb,top5_analcime,top5_heuland,top5_tot_zeol,top5_gypsum,top5_talc,top5_hornbl,top5_serpent,top5_hematite,top5_goethite,top5_pyroxene,top5_pyrite,top5_other,top5_amorph,top5_ag,top5_al,top5_as,top5_ba,top5_be,top5_bi,top5_c_tot,top5_c_inorg,top5_c_org,top5_ca,top5_cd,top5_ce,top5_co,top5_cr,top5_cs,top5_cu,top5_fe,top5_ga,top5_hg,top5_in,top5_k,top5_la,top5_li,top5_mg,top5_mn,top5_mo,top5_na,top5_nb,top5_ni,top5_p,top5_pb,top5_rb,top5_s,top5_sb,top5_sc,top5_se,top5_sn,top5_sr,top5_te,top5_th,top5_ti,top5_tl,top5_u,top5_v,top5_w,top5_y,top5_zn,geoid,geoid_type
C-339080,43,AZ,36.4526,-109.1665,04/22/09,Herbaceous Upland,Grasslands/Herbaceous,0-5,,,,,,,,,,,,,,,,,,,,,,,,,,,<1,3.68,1.7,907,1,0.08,,,,0.37,<0.1,33.1,1.5,3,<5,3.1,0.51,6.5,<0.01,<0.02,1.36,17.6,10,0.19,175,0.13,0.75,5.8,2.9,180,19.7,66.7,<0.01,0.22,2.4,<0.2,0.8,148,<0.1,6.4,0.13,0.7,1.1,13,0.3,8.4,11,040019441005,block_group
C-351739,84,AZ,32.494,-109.473,06/21/10,Shrubland,Shrubland,0-5,,,,,,,,,,,,,,,,,,,,,,,,,,,<1,6.77,4.5,656,2.5,0.64,,,,1.14,0.2,90.9,8.9,31,8,25.2,3.29,16.5,0.02,0.06,3.45,47.7,26,0.43,517,1.03,1.96,19.9,13.5,480,27.3,161,0.01,1.33,7.9,<0.2,2.9,220,<0.1,27.4,0.47,0.8,3.4,78,2.6,31.2,64,040099615001,block_group
C-351740,175,AZ,35.4173,-113.2629,07/18/10,Shrubland,Shrubland,0-5,,,,,,,,,,,,,,,,,,,,,,,,,,,<1,4.17,6.2,423,1.3,0.21,,,,3.59,0.2,49.6,7.2,37,5,16.5,2.01,10.9,0.02,0.04,1.54,28.1,27,0.73,308,0.59,0.33,9,19.4,460,14.5,67.4,0.03,0.64,6.4,0.2,1.3,86.7,<0.1,9.3,0.23,0.4,1.7,43,1,16.6,54,040250021002,block_group
C-351741,212,AZ,33.6922,-109.137,06/29/10,Shrubland,Shrubland,0-5,,,,,,,,,,,,,,,,,,,,,,,,,,,<1,9,2.4,674,1,0.16,,,,4.16,0.2,44,27.5,18,<5,42.9,5.39,20.7,0.02,0.06,1.46,21.2,13,1.5,930,0.35,2.4,5.6,17.6,1000,13.2,31.7,0.03,0.22,14,<0.2,1.2,789,<0.1,3.1,0.49,<0.1,0.7,138,0.4,19.6,90,040119601001,block_group
C-343375,247,AZ,34.65,-113.3945,07/20/10,Shrubland,Shrubland,0-5,,,,,,,,,,,,,,,,,,,,,,,,,,,<1,6.93,5.4,771,6.3,0.24,,,,0.89,0.2,159,16.5,72,13,34.6,4.46,22.1,0.22,0.07,3.23,77.5,25,0.96,652,1.06,1.24,24.1,33.8,500,48,181,0.01,0.65,15.2,<0.2,3.1,163,<0.1,49.2,0.37,1.3,3.8,78,3,21.8,100,040159548002,block_group
C-343368,431,AZ,36.0545,-114.046,07/19/10,Shrubland,Shrubland,0-5,,,,,,,,,,,,,,,,,,,,,,,,,,,<1,5.34,5,626,2.1,0.24,,,,2.28,0.1,121,8.7,32,6,14.2,2.39,16.6,0.02,0.05,2.32,59.3,20,0.77,433,1,1.29,19.9,15.2,510,24.8,112,0.01,0.55,7.5,<0.2,2.7,208,<0.1,19.4,0.27,0.7,2.8,48,1.5,29.5,44,040159504023,block_group
C-351742,468,AZ,33.9395,-110.9655,07/03/10,Forested Upland,Mixed Forest,0-5,,,,,,,,,,,,,,,,,,,,,,,,,,,<1,3.14,5.3,392,1.1,0.34,,,,0.43,0.1,64.2,7,35,<5,16,1.77,7.95,0.03,0.04,1.2,32.1,23,0.32,410,0.58,0.48,7.3,11.9,300,16.6,60.9,0.01,0.59,5.6,0.2,1.6,84.5,<0.1,11.5,0.49,0.3,2.7,41,0.8,16.2,37,040070007001,block_group
C-351743,523,AZ,31.8178,-111.5432,06/24/10,Shrubland,Shrubland,0-5,,,,,,,,,,,,,,,,,,,,,,,,,,,<1,6.16,3.3,796,1.7,0.3,,,,0.56,0.1,59.4,7.9,35,7,17.4,2.67,14.5,0.02,0.05,3.11,35.3,27,0.42,506,0.98,0.89,12.3,15.7,330,28.7,146,0.02,1.84,7.9,<0.2,1.8,146,<0.1,16.4,0.29,1,3.2,64,3.3,15,72,040190043163,block_group
C-351744,532,AZ,32.6656,-110.2759,06/28/10,Shrubland,Shrubland,0-5,,,,,,,,,,,,,,,,,,,,,,,,,,,<1,7.23,8.5,663,2.6,0.32,,,,0.7,0.1,92,11.5,39,8,30.4,2.84,18.2,0.02,0.06,2.35,48.1,44,0.58,509,0.97,1.07,18.7,20.4,350,27.1,120,0.02,1.12,8.1,0.2,2.1,125,<0.1,19.6,0.33,0.7,3.4,63,1.9,28.2,68,040099616001,block_group
C-343348,687,AZ,36.0484,-112.1142,07/23/10,Forested Upland,Evergreen Forest,0-5,,,,,,,,,,,,,,,,,,,,,,,,,,,<1,3.03,26.5,362,1,0.24,,,,0.28,0.2,34.1,7.4,39,<5,20.9,2.81,6.95,0.02,0.03,1.49,18.1,19,0.25,317,1.38,0.23,6.2,19.9,440,18.4,55.7,0.02,0.85,4.4,0.8,1.1,102,<0.1,7,0.18,0.4,2,47,1,10.9,41,040050023005,block_group
C-339081,695,AZ,34.2212,-111.4357,04/26/09,Shrubland,Shrubland,0-5,,,,,,,,,,,,,,,,,,,,,,,,,,,<1,3.11,6.1,258,1,0.26,,,,14,0.2,43.8,6.4,23,6,13.4,1.44,6.03,0.02,0.03,1.16,21.4,18,0.54,314,0.63,0.26,5.9,12.7,390,12.6,51,0.02,0.53,5.1,<0.2,0.9,109,<0.1,6.5,0.19,0.3,1.4,33,1.1,12.8,28,040070003021,block_group
C-351457,724,AZ,32.8725,-110.5996,06/27/10,Shrubland,Shrubland,0-5,,,,,,,,,,,,,,,,,,,,,,,,,,,<1,7.62,6.1,274,0.9,0.15,,,,6.04,0.2,33.4,55.3,67,<5,42.3,8.4,17.7,0.01,0.07,0.84,13.2,22,3.45,1300,0.6,1.8,11.6,64.3,1520,10.2,29,0.03,0.25,20.3,0.3,1.4,460,<0.1,2.4,1.69,0.2,0.5,218,0.5,22.1,87,040210024003,block_group
C-339082,731,AZ,35.1312,-111.186,04/20/09,Herbaceous Upland,Grasslands/Herbaceous,0-5,,,,,,,,,,,,,,,,,,,,,,,,,,,<1,4.29,5.2,370,0.9,0.15,,,,4.05,0.3,43.2,19.3,66,<5,27.7,3.14,8.93,0.01,0.04,1.03,21.8,13,2.23,532,0.54,0.63,11.3,50.5,910,22.2,38.1,0.02,0.56,10.4,0.2,1,259,<0.1,5.3,0.39,0.2,1.4,81,0.8,14.7,65,040050015003,block_group
C-339083,943,AZ,36.1275,-111.6719,04/20/09,Shrubland,Shrubland,0-5,,,,,,,,,,,,,,,,,,,,,,,,,,,<1,3.13,7.4,373,1,0.17,,,,1.64,0.2,44.1,5.8,20,<5,12.7,1.49,6.62,0.02,0.03,1.26,24.3,17,0.65,325,0.82,0.33,6.6,12.5,990,15.2,51.7,0.03,0.59,4.9,<0.2,0.9,116,<0.1,7.2,0.19,0.6,1.7,34,1,17.1,39,040059450001,block_group
C-351458,951,AZ,32.8819,-113.0651,07/07/10,Shrubland,Shrubland,0-5,,,,,,,,,,,,,,,,,,,,,,,,,,,<1,5.18,7.2,669,1.4,0.21,,,,2.61,0.2,62.9,9.3,29,<5,24.8,2.43,12.9,0.01,0.04,1.67,29.7,18,0.86,429,0.77,1.2,11.6,18.9,510,18.8,81.6,0.02,0.76,7.8,<0.2,1.4,240,<0.1,10.4,0.35,0.4,1.8,65,1.1,16.2,47,040137233052,block_group
C-339084,987,AZ,36.1958,-110.5837,04/23/09,Shrubland,Shrubland,0-5,,,,,,,,,,,,,,,,,,,,,,,,,,,<1,3.49,3.9,513,1,0.14,,,,0.38,0.1,42,4.6,9,<5,8.7,1.2,6.91,0.01,0.02,1.6,20.8,13,0.39,248,0.33,0.62,7.1,6.9,290,15.8,63.5,0.01,0.54,4.1,<0.2,0.9,89,<0.1,6.6,0.18,0.4,1.6,28,0.7,12.5,27,040179400121,block_group
C-351459,1015,AZ,33.3708,-114.1644,07/10/10,Shrubland,Shrubland,0-5,,,,,,,,,,,,,,,,,,,,,,,,,,,<1,6.07,6.4,850,1.8,0.18,,,,2.88,0.2,68.6,7.7,28,7,15.6,2.15,15.1,0.04,0.04,2.43,33.6,31,0.98,436,0.88,1.63,12,14.8,800,20.1,86,0.03,2.36,7.4,<0.2,1.5,361,<0.1,10.9,0.29,0.5,2.4,50,1.2,17.2,61,040270121001,block_group
C-351745,1099,AZ,32.238,-112.7487,07/08/10,Shrubland,Shrubland,0-5,,,,,,,,,,,,,,,,,,,,,,,,,,,<1,7.35,3.4,1100,1.9,0.26,,,,2.18,0.1,54.1,7,18,<5,20.8,2.3,15.9,0.02,0.04,3.12,30,17,0.63,418,1.32,2.49,12.9,10.5,840,32.7,90.5,0.02,0.49,5.2,<0.2,1.4,477,<0.1,9.1,0.31,0.4,2.1,56,1.2,13.4,56,040190052002,block_group
C-351747,1108,AZ,31.9037,-109.6289,06/22/10,Planted/Cultivated,Row Crops,0-5,,,,,,,,,,,,,,,,,,,,,,,,,,,<1,6.68,3.5,566,3.2,0.21,,,,0.68,0.1,121,5.2,11,9,11.7,1.9,19,0.01,0.05,4.34,61.3,30,0.3,479,1.62,2.01,31.2,4.9,470,23.9,214,0.01,0.59,4.9,<0.2,2.8,137,<0.1,26.9,0.34,1,4.7,31,2,30.7,76,040030001002,block_group
C-343370,1199,AZ,35.3291,-113.9767,07/19/10,Shrubland,Shrubland,0-5,,,,,,,,,,,,,,,,,,,,,,,,,,,<1,6.53,6.5,893,2.9,0.23,,,,1.77,0.2,84.6,8.8,39,<5,11.9,3.15,16.2,0.02,0.06,2.55,37.9,17,0.71,684,0.78,1.88,19.9,17.2,900,25.7,91.8,0.01,0.41,10.4,<0.2,3.6,239,0.1,10.6,0.38,0.6,2.2,52,2,33.3,65,040159507041,block_group
C-351748,1236,AZ,34.7168,-109.0718,07/02/10,Shrubland,Shrubland,0-5,,,,,,,,,,,,,,,,,,,,,,,,,,,<1,4.03,2.6,686,1,0.18,,,,0.51,0.2,46.3,6.1,16,<5,13,1.41,8.62,0.01,0.02,2.09,24.5,12,0.28,452,0.63,1.04,7.8,9,320,16.1,77.3,0.01,0.66,3.5,<0.2,1.4,168,<0.1,7.3,0.23,0.4,1.6,41,1,12.9,36,040019702002,block_group
C-351461,1271,AZ,33.9985,-113.1254,07/11/10,Shrubland,Shrubland,0-5,,,,,,,,,,,,,,,,,,,,,,,,,,,<1,6.44,8.5,793,1.6,0.22,,,,0.99,0.1,86,7.3,25,<5,16.8,2.55,14.4,0.01,0.04,2.05,41.6,20,0.66,476,0.59,1.41,13.3,13.3,590,26.1,113,0.02,0.74,7.8,<0.2,1.4,220,<0.1,13.6,0.31,0.7,2.4,49,1.1,21.9,48,040130405151,block_group
C-339085,1492,AZ,34.8209,-111.4247,04/25/09,Forested Upland,Evergreen Forest,0-5,,,,,,,,,,,,,,,,,,,,,,,,,,,<1,7.16,4.8,878,2,0.25,,,,1.45,0.3,100,34,198,<5,50.1,5.15,15.7,0.03,0.07,1.24,55.4,25,1.03,1110,0.66,0.79,36.8,89.2,1090,22.2,76.8,0.04,0.56,19.4,0.4,1.7,248,<0.1,12.1,0.69,0.4,2.7,101,1.4,26.4,119,040050015003,block_group
C-351462,1547,AZ,32.8398,-112.0322,07/06/10,Shrubland,Shrubland,0-5,,,,,,,,,,,,,,,,,,,,,,,,,,,<1,6.06,3.4,593,1.7,0.31,,,,1.39,0.2,55,9.8,37,8,22.9,3.03,13.5,0.01,0.05,1.81,26.7,31,0.86,570,0.45,1.39,8.4,19.5,740,18.8,90,0.01,0.56,8.8,<0.2,1.5,180,<0.1,9.1,0.34,0.6,1.7,76,1.3,15.7,65,040219414004,block_group
C-351749,1556,AZ,32.5819,-110.8467,06/26/10,Shrubland,Shrubland,0-5,,,,,,,,,,,,,,,,,,,,,,,,,,,<1,5.9,3.5,582,2.3,0.84,,,,1.27,0.2,79.5,9.8,41,7,37.6,4.8,14.8,0.02,0.07,3.18,38.6,20,0.38,899,1.75,1.21,15.5,12.1,410,36.2,132,0.03,0.94,7.5,0.2,2.2,188,0.1,52.5,0.97,0.7,5.6,109,1.5,24.4,68,040210006041,block_group
C-351750,1711,AZ,34.8367,-112.6186,07/16/10,Shrubland,Shrubland,0-5,,,,,,,,,,,,,,,,,,,,,,,,,,,<1,5.04,4.4,707,1.6,0.38,,,,6.4,0.3,70,11.6,50,6,21.2,2.62,13.4,0.02,0.05,2.32,37.7,20,2.08,569,0.51,1.06,10.9,22.6,830,31.7,88.2,0.03,0.55,8.1,<0.2,1.7,295,<0.1,20.3,0.32,0.6,5,61,1,16.7,70,040250012002,block_group
C-351463,1719,AZ,33.697,-112.1444,07/05/10,Planted/Cultivated,Urban/Recreational Grasses,0-5,,,,,,,,,,,,,,,,,,,,,,,,,,,<1,6.03,8.5,833,1.6,0.21,,,,3.14,0.1,78,15.5,86,<5,30.9,3.52,14.4,0.01,0.04,1.39,37.1,24,1.3,750,0.69,1.59,12.8,43,950,19.1,72.2,0.02,0.97,12.2,<0.2,1.5,420,<0.1,8.3,0.4,0.4,2,94,1.1,19.5,62,040136143001,block_group
C-339087,1748,AZ,33.5679,-111.2353,04/26/09,Shrubland,Shrubland,0-5,,,,,,,,,,,,,,,,,,,,,,,,,,,<1,7.33,8.1,365,4.9,0.67,,,,0.57,<0.1,181,8.3,10,10,19.1,3.06,17.7,0.02,0.07,3.99,70.5,42,0.63,554,0.89,2.19,14.7,6.6,770,106,205,0.02,0.7,9.2,<0.2,4.9,106,<0.1,73,0.31,1,7.7,48,2.8,52.5,64,040130101021,block_group
C-339088,1755,AZ,35.888,-109.269,04/22/09,Forested Upland,Evergreen Forest,0-5,,,,,,,,,,,,,,,,,,,,,,,,,,,<1,3.77,3,449,1.3,0.23,,,,0.43,<0.1,66.5,6.5,21,<5,14.7,1.29,7.52,0.02,0.03,1.35,32.1,21,0.41,516,0.55,0.81,9.6,8.5,190,24.1,62.6,0.01,0.58,5.2,<0.2,1.1,96.8,<0.1,10.4,0.27,0.4,2.5,34,0.9,16.9,25,040019449015,block_group
C-351464,1975,AZ,33.3278,-113.6826,07/11/10,Shrubland,Shrubland,0-5,,,,,,,,,,,,,,,,,,,,,,,,,,,<1,5.53,10.5,733,1.5,0.26,,,,8.23,0.3,71.7,11.3,33,6,25.3,2.6,13.2,0.03,0.04,1.41,35,32,1.23,721,0.97,0.87,12.2,18.7,980,28,96.5,0.03,4,8.7,0.3,1.6,257,<0.1,11.7,0.33,0.8,2.7,69,2,20.5,66,040270121002,block_group
C-339089,2011,AZ,36.5836,-111.6553,04/21/09,Shrubland,Shrubland,0-5,,,,,,,,,,,,,,,,,,,,,,,,,,,<1,2.94,6.7,396,1,0.18,,,,4.89,0.3,43.1,5.2,20,<5,14.5,1.21,6.06,0.02,0.03,1.3,23.7,17,1.84,358,0.54,0.34,5.9,10.7,1280,20.1,49.2,0.04,0.5,4.5,0.3,0.8,201,<0.1,7,0.17,0.4,2,29,0.7,17.2,40,040059450003,block_group
C-339090,2091,AZ,36.4215,-109.7194,04/22/09,Shrubland,Shrubland,0-5,,,,,,,,,,,,,,,,,,,,,,,,,,,<1,3.43,3.8,445,1.1,0.11,,,,1.58,<0.1,32.9,4.1,8,<5,8,1.08,6.58,<0.01,0.02,1.6,16.1,20,0.7,205,0.42,0.31,4.9,7.2,250,11.7,60.1,0.02,0.36,4.2,<0.2,1.1,131,<0.1,5.6,0.13,0.4,1.6,29,0.4,9.7,24,040019443004,block_group
C-343377,2223,AZ,34.9314,-114.0406,07/21/10,Shrubland,Shrubland,0-5,,,,,,,,,,,,,,,,,,,,,,,,,,,<1,5.84,2.8,669,2.4,0.17,,,,1.96,0.1,87.1,6.2,19,<5,10.3,4.28,16.8,0.01,0.09,2.39,40.4,12,0.55,480,0.78,1.88,18.4,6.5,660,23,95.5,0.01,0.32,9.4,<0.2,4.3,139,<0.1,23.8,0.34,0.5,3.3,38,6.4,39.8,62,040159548002,block_group
C-351751,2295,AZ,33.6462,-113.9748,07/10/10,Shrubland,Shrubland,0-5,,,,,,,,,,,,,,,,,,,,,,,,,,,<1,5.54,6.5,722,1.5,0.23,,,,7.54,0.2,70.3,10.4,30,6,24.4,2.63,14.1,0.01,0.05,2.15,37.7,36,1.34,503,0.78,1.01,12.3,18,600,20.1,84.8,0.03,1.2,8.3,<0.2,1.6,347,<0.1,13.1,0.31,0.5,2.9,70,1.4,20.5,65,040120205011,block_group
C-351752,2324,AZ,32.0223,-109.9066,06/21/10,Herbaceous Upland,Grasslands/Herbaceous,0-5,,,,,,,,,,,,,,,,,,,,,,,,,,,<1,5.96,5.3,493,2.6,0.5,,,,5.13,0.6,63.4,10.4,49,11,28.2,2.38,16.1,0.02,0.06,2.61,33.7,41,1.24,755,0.85,0.88,15.2,21.3,930,31.8,132,0.04,1.01,8.1,0.3,2,166,<0.1,12.6,0.26,0.8,2.5,51,3.1,25,99,040030002032,block_group
C-351753,2479,AZ,35.4001,-112.8341,07/18/10,Shrubland,Shrubland,0-5,,,,,,,,,,,,,,,,,,,,,,,,,,,<1,2.55,4.2,314,0.7,0.16,,,,12.9,0.5,40.3,6.2,31,<5,12.3,1.25,6.61,0.02,0.03,1.26,22,19,0.69,316,0.63,0.26,6.7,12.7,1320,12.4,46.2,0.03,0.5,4.2,0.2,0.9,104,<0.1,6.9,0.18,0.4,1.8,31,0.7,14.1,49,040050023001,block_group
C-351754,2487,AZ,34.4979,-112.2633,07/15/10,Shrubland,Shrubland,0-5,,,,,,,,,,,,,,,,,,,,,,,,,,,<1,8.37,32,350,1.1,0.33,,,,4.26,0.3,43.6,27.8,40,<5,101,8,22.4,0.07,0.11,0.79,21.1,17,1.35,1690,0.82,1.22,8.5,18.8,850,24,29.9,0.03,3.19,36.5,0.4,1.7,277,<0.1,4.9,0.76,0.2,1.5,246,0.8,32.5,137,040250007003,block_group
C-339091,2516,AZ,34.29,-110.0268,04/27/09,Shrubland,Shrubland,0-5,,,,,,,,,,,,,,,,,,,,,,,,,,,<1,6.56,7.2,581,1.9,0.29,,,,1.27,0.2,80.3,21.8,63,8,30.7,3.83,14.7,0.01,0.06,1.39,38.3,34,0.86,866,0.67,0.46,16.1,37.9,540,23,89.7,0.02,0.94,13.5,<0.2,1.8,112,<0.1,12.6,0.48,0.6,2.2,89,1.7,25.6,81,040179653001,block_group
C-339092,2523,AZ,35.8665,-110.3012,04/19/09,Shrubland,Shrubland,0-5,,,,,,,,,,,,,,,,,,,,,,,,,,,<1,3.97,3,543,1.2,0.19,,,,0.56,<0.1,46.3,4.2,8,<5,8.9,1.09,8.01,0.01,0.03,1.45,23,15,0.31,166,0.44,0.51,7.2,6.3,260,16.6,71.6,0.02,0.49,4.5,<0.2,1.1,92.8,<0.1,8.3,0.16,0.5,2.1,29,0.9,12.6,166,040179400133,block_group
C-351755,2571,AZ,32.2494,-111.2777,06/24/10,Shrubland,Shrubland,0-5,,,,,,,,,,,,,,,,,,,,,,,,,,,<1,7.03,3.6,825,2.3,0.38,,,,0.87,0.2,61.9,7.1,16,8,21.9,2.25,15.5,0.02,0.04,3.33,35.1,27,0.5,552,1.24,1.9,11.7,10.2,540,24.8,137,0.01,1.73,6.8,<0.2,1.5,202,<0.1,15.8,0.25,0.9,3.2,49,2.9,17.6,62,040190044251,block_group
C-351465,2743,AZ,32.9946,-112.5225,07/09/10,Shrubland,Shrubland,0-5,,,,,,,,,,,,,,,,,,,,,,,,,,,<1,5.33,4,594,1.8,0.28,,,,2.65,0.1,92.7,8.2,30,6,23.4,2.95,14.3,0.01,0.05,1.51,41.6,20,0.72,516,0.71,1.34,17.6,12.2,530,20.4,77.2,0.02,0.75,9.3,<0.2,2.2,181,<0.1,13.7,0.38,0.5,2.3,61,1.5,33.7,50,040137233061,block_group
C-351756,2772,AZ,33.1454,-110.0484,06/28/10,Shrubland,Shrubland,0-5,,,,,,,,,,,,,,,,,,,,,,,,,,,<1,6.79,2.7,876,1.9,0.43,,,,4.46,0.3,69.6,13.1,64,11,58.9,3.33,16.5,0.02,0.06,2.51,35.4,58,1.41,593,1.14,1.66,23,25.1,1140,23.8,87.2,0.03,0.63,9.1,<0.2,2,428,<0.1,11.1,0.54,0.4,2.1,87,1,20.7,79,040099611001,block_group
C-339093,2779,AZ,36.2341,-109.6102,04/22/09,Shrubland,Shrubland,0-5,,,,,,,,,,,,,,,,,,,,,,,,,,,<1,4.14,4.1,446,1.2,0.14,,,,5.21,<0.1,43.2,6.2,15,<5,13.9,1.47,7.85,0.01,0.03,1.35,20.6,22,1.44,433,0.24,0.78,5.9,12.4,460,13.4,61.6,0.02,0.46,5.8,<0.2,0.9,295,<0.1,6.6,0.18,0.4,1.3,36,0.5,13.3,39,040019442013,block_group
C-351758,2964,AZ,33.5137,-109.3169,06/29/10,Forested Upland,Mixed Forest,0-5,,,,,,,,,,,,,,,,,,,,,,,,,,,<1,7.99,5.6,1010,1.9,0.63,,,,2.23,0.6,64.6,39.7,368,<5,96.5,5.72,19.3,0.05,0.08,2.79,32.1,16,2.16,939,1.61,1.56,21.7,211,1250,26.9,83.7,0.03,0.51,16.1,0.2,2.4,318,0.1,9,0.79,0.3,2,154,1,15,95,040119601001,block_group
C-351466,2999,AZ,32.7395,-113.7392,07/09/10,Shrubland,Shrubland,0-5,,,,,,,,,,,,,,,,,,,,,,,,,,,<1,6.15,4.6,658,1.5,0.22,,,,1.9,0.1,58.5,8.1,23,<5,14,2.54,14.3,0.01,0.03,1.49,27.3,26,0.77,433,0.77,2.15,9,11.3,730,16,56.6,0.02,0.6,6.3,<0.2,1.2,296,<0.1,8.6,0.26,0.4,2.1,63,1.2,13.7,44,040270112021,block_group
C-339095,3035,AZ,36.815,-110.6109,04/21/09,Shrubland,Shrubland,0-5,,,,,,,,,,,,,,,,,,,,,,,,,,,<1,1.83,1.6,332,0.4,<0.04,,,,0.08,<0.1,11.4,1.2,3,<5,3.1,0.34,2.72,<0.01,<0.02,1.44,5.5,8,0.19,125,0.1,0.23,1.8,2.8,110,9.1,42.8,<0.01,0.14,1.2,<0.2,0.3,39.5,<0.1,1.7,0.07,0.3,0.5,7,<0.1,3.8,9,040179423003,block_group
C-343367,3247,AZ,36.5602,-113.9153,07/26/10,Shrubland,Shrubland,0-5,,,,,,,,,,,,,,,,,,,,,,,,,,,<1,2.97,4.7,368,0.8,0.18,,,,6.17,0.2,47.3,6.4,20,<5,11.8,1.76,9.24,0.02,0.03,1.27,25.2,17,0.74,336,0.65,0.5,8.2,10.3,470,15.7,62.7,0.02,0.57,4.9,<0.2,1.2,143,<0.1,9,0.18,0.4,1.8,37,0.8,14.5,36,040159501002,block_group
C-351759,3284,AZ,34.1288,-109.7972,06/30/10,Forested Upland,Mixed Forest,0-5,,,,,,,,,,,,,,,,,,,,,,,,,,,<1,5.62,7.8,510,1.7,0.66,,,,0.54,0.2,60.5,31.6,173,6,44.8,4.96,14.7,0.06,0.07,1.45,32,27,0.74,1350,1.79,0.58,22.1,58,1210,30,71.5,0.04,0.91,10.6,0.3,2.2,102,0.1,10.5,0.74,0.4,2.5,111,1.3,15.4,94,040019705023,block_group
C-351760,3348,AZ,31.968,-110.425,06/21/10,Developed,Low Intensity Residential,0-5,,,,,,,,,,,,,,,,,,,,,,,,,,,<1,6.2,1.8,503,2.6,0.5,,,,0.3,<0.1,42.4,2.6,6,17,9,1.07,10.6,0.01,0.03,3.18,21.6,26,0.15,321,0.38,1.76,11.9,3.2,460,25.1,299,<0.01,0.37,4.8,<0.2,1.2,81.3,<0.1,10.6,0.14,1.4,2.8,18,2.4,17.2,27,040030003032,block_group
C-339096,3503,AZ,35.4564,-111.5563,04/24/09,Shrubland,Shrubland,0-5,,,,,,,,,,,,,,,,,,,,,,,,,,,<1,8.22,6.4,776,2.9,0.23,,,,2.51,0.2,84.6,18.9,37,<5,22.2,4.28,18.1,0.02,0.06,1.62,42.2,28,1.21,946,1.72,2.64,37.1,24.7,1230,22.6,48.3,0.02,1.6,11.1,<0.2,2.4,508,<0.1,9.1,0.56,0.3,2.5,61,1.6,24.4,83,040050022004,block_group
C-351761,3511,AZ,34.2702,-112.6503,07/13/10,Shrubland,Shrubland,0-5,,,,,,,,,,,,,,,,,,,,,,,,,,,<1,6.51,11,297,1,0.12,,,,2.66,0.2,37,36.3,28,<5,57.8,8.27,17.6,0.03,0.08,0.8,17.1,21,1.9,1140,0.45,1.5,7.8,14.6,1110,11.1,22.6,0.03,1.13,38.2,0.2,1.2,204,<0.1,2.6,0.93,0.1,1,288,1.4,34.6,118,040250014022,block_group
C-351762,3540,AZ,32.8545,-110.3405,06/28/10,Shrubland,Shrubland,0-5,,,,,,,,,,,,,,,,,,,,,,,,,,,<1,6.07,4,428,3.8,2.01,,,,0.65,0.7,89.1,7.4,23,6,48.1,3.43,16.7,0.01,0.12,3.4,44.9,25,0.33,1260,2.95,1.95,61.7,10.6,310,123,182,0.02,1.22,7.4,<0.2,4.4,101,0.2,46.5,0.38,0.9,7.2,60,6.3,31.6,234,040099616001,block_group
C-339097,3547,AZ,35.9212,-111.1544,04/20/09,Shrubland,Shrubland,0-5,,,,,,,,,,,,,,,,,,,,,,,,,,,<1,2.7,2.3,442,0.7,0.08,,,,0.99,<0.1,25.2,3.3,7,<5,6.7,0.94,4.75,0.01,<0.02,1.46,12.5,11,0.42,226,0.17,0.5,4.1,7.1,250,11.7,48.6,<0.01,0.35,2.6,<0.2,0.6,96.9,<0.1,3.8,0.13,0.3,1.1,21,0.3,7.5,18,040059451004,block_group
C-343357,3759,AZ,36.5035,-112.9884,07/25/10,Shrubland,Shrubland,0-5,,,,,,,,,,,,,,,,,,,,,,,,,,,<1,2.96,4.3,289,0.8,0.16,,,,4.37,0.2,46.8,6.5,34,<5,14.5,1.49,7.21,0.02,0.03,1.15,25.2,21,2.08,492,0.51,0.32,6.7,13.9,1040,13.1,51,0.04,0.49,5,<0.2,1.1,90.9,<0.1,8.7,0.18,0.3,2.1,30,0.8,16.4,43,040159501002,block_group
C-339098,3767,AZ,33.7309,-111.5135,04/26/09,Shrubland,Shrubland,0-5,,,,,,,,,,,,,,,,,,,,,,,,,,,<1,5.15,4.6,559,2.8,2.56,,,,1.31,0.1,136,12.2,31,9,23.1,12.7,14,0.02,0.08,1.67,50.2,35,0.63,845,2.03,1.51,27,10.8,1300,37.7,111,0.02,0.56,11.4,<0.2,3.3,206,<0.1,78.3,0.48,0.7,8.8,195,14.5,46.5,84,040130101021,block_group
C-358498,3831,AZ,32.6675,-113.9883,07/09/10,Shrubland,Shrubland,0-5,,,,,,,,,,,,,,,,,,,,,,,,,,,<1,6.02,3.1,831,1.5,0.13,,,,2.44,<0.1,40.6,5.3,12,<5,21.3,2.16,14.4,0.01,0.02,2.33,19.7,37,0.46,310,0.69,1.95,7.8,6.6,360,20,76.4,<0.01,0.29,4.5,<0.2,0.9,338,<0.1,6.7,0.17,0.4,1.8,48,0.6,11.4,62,040270112021,block_group
C-351763,3988,AZ,33.2897,-109.4032,06/29/10,Shrubland,Shrubland,0-5,,,,,,,,,,,,,,,,,,,,,,,,,,,<1,6.94,4.7,1300,2.3,0.35,,,,2.61,0.4,101,27.8,293,<5,78,4.71,16.1,0.03,0.07,2.64,49.6,24,1.76,1300,1.77,1.51,27.7,109,1610,21.2,97.4,0.03,0.49,17.1,<0.2,2,483,<0.1,9.9,0.6,0.4,2.4,86,1.5,28.4,89,040119601001,block_group
C-351467,4023,AZ,33.466,-112.9377,07/05/10,Shrubland,Shrubland,0-5,,,,,,,,,,,,,,,,,,,,,,,,,,,<1,5.9,7.9,709,1.8,0.23,,,,2.92,0.2,78.5,12.3,46,5,24.7,2.82,14.4,0.02,0.05,1.72,39.2,25,1.29,599,0.68,1.36,13.6,25.4,820,21.3,65.7,0.02,0.88,11.6,<0.2,1.5,348,<0.1,15.5,0.38,0.5,2.4,76,1.4,19.5,58,040130506032,block_group
C-339099,4139,AZ,36.7194,-109.4202,04/22/09,Shrubland,Shrubland,0-5,,,,,,,,,,,,,,,,,,,,,,,,,,,<1,2.66,7.1,396,0.6,0.08,,,,1.15,<0.1,22.6,2.4,5,<5,6.4,0.71,4.51,0.01,<0.02,1.43,11,12,0.4,184,0.19,0.46,3.7,4.4,220,11.6,47.4,0.01,0.25,2.3,<0.2,0.5,84.2,<0.1,3.7,0.12,0.4,1.1,18,0.5,6.9,15,040019427002,block_group
C-351764,4180,AZ,32.3599,-109.5721,06/21/10,Shrubland,Shrubland,0-5,,,,,,,,,,,,,,,,,,,,,,,,,,,<1,6.36,3.9,614,2.4,0.67,,,,0.85,0.2,76.1,6.1,25,8,24.7,2.68,15.1,0.01,0.06,3.55,40.8,23,0.42,416,0.65,1.58,18.6,11.2,330,28.5,247,0.02,0.89,6.7,<0.2,2.6,154,<0.1,18.2,0.35,0.9,2.5,53,2.3,28.1,59,040030001001,block_group
C-343373,4271,AZ,35.0858,-113.6456,07/20/10,Shrubland,Shrubland,0-5,,,,,,,,,,,,,,,,,,,,,,,,,,,<1,6.19,6.6,924,2.4,0.34,,,,2.09,0.2,106,13,89,7,23.4,3.92,16.1,0.01,0.07,2.5,51.3,21,1.13,638,1.12,1.69,22,43.5,1160,26.3,165,0.02,0.61,11.2,<0.2,3,353,<0.1,19.1,0.46,0.6,2.9,80,2.5,27.9,77,040159548003,block_group
C-351765,4343,AZ,34.3823,-113.1592,07/13/10,Shrubland,Shrubland,0-5,,,,,,,,,,,,,,,,,,,,,,,,,,,<1,5.92,3.5,679,2.1,0.4,,,,3.38,0.1,79.3,7.8,30,8,17.9,3.24,14.5,0.01,0.04,3.35,40.5,29,1.24,684,0.65,1.47,17.5,15.3,590,28.8,140,0.02,0.43,6.9,<0.2,1.9,237,<0.1,19.2,0.34,0.8,3.1,52,1.5,20.7,56,040250013001,block_group
C-343361,4527,AZ,36.1222,-113.504,07/26/10,Shrubland,Shrubland,0-5,,,,,,,,,,,,,,,,,,,,,,,,,,,<1,6.38,7.2,672,1.7,0.2,,,,1.06,0.3,80.2,28.3,99,5,38.1,4.75,15.4,0.03,0.06,1.83,36.9,31,0.74,1160,1.04,0.94,19.3,43.3,780,18.8,92.1,0.02,0.71,13.6,<0.2,1.9,170,<0.1,12.7,0.59,0.5,3,106,1.5,23.6,88,040159501002,block_group
C-351766,4564,AZ,34.2831,-111.0694,07/15/10,Forested Upland,Mixed Forest,0-5,,,,,,,,,,,,,,,,,,,,,,,,,,,<1,6.11,12.5,489,2.3,0.3,,,,0.44,0.2,88,5.4,23,7,12.7,1.66,17.6,0.04,0.05,3.3,36.2,22,0.31,800,1.31,1.99,19.9,9.2,200,37,120,0.02,0.78,4,<0.2,2.5,79.2,<0.1,18.3,0.19,0.6,3.9,27,2.2,32,88,040070005003,block_group
C-351650,4599,AZ,33.9415,-114.2117,07/10/10,Shrubland,Shrubland,0-5,,,,,,,,,,,,,,,,,,,,,,,,,,,<1,3.14,2.8,507,0.8,0.11,,,,1.41,0.1,38.7,4.2,12,<5,9,1.36,7.37,0.01,0.02,1.52,20.7,12,0.47,235,0.47,0.66,5.9,6.9,300,13.5,58,0.01,0.63,3.4,<0.2,1.1,136,<0.1,6.8,0.17,0.3,1.4,36,0.6,10.1,29,040120205023,block_group
C-351651,4619,AZ,32.1282,-111.1335,06/24/10,Shrubland,Shrubland,0-5,,,,,,,,,,,,,,,,,,,,,,,,,,,<1,6.95,2.5,827,2.4,0.26,,,,0.94,0.1,55.4,4.5,10,<5,19.1,1.63,15.6,0.01,0.03,3.01,31.8,18,0.21,294,2.31,2.35,9.4,6.2,210,23.1,118,<0.01,1.61,3.4,<0.2,1.1,314,<0.1,10.4,0.2,0.5,1.9,36,1.1,12.9,33,040190043341,block_group
C-351652,4628,AZ,32.5569,-109.7487,06/28/10,Shrubland,Shrubland,0-5,,,,,,,,,,,,,,,,,,,,,,,,,,,<1,6.98,2.1,479,4.4,0.33,,,,0.72,<0.1,200,4,10,6,9.3,2.37,21,0.01,0.07,3.81,101,31,0.28,584,1.12,2.74,44.3,4.7,310,26.1,187,<0.01,0.33,6,<0.2,4.6,100,<0.1,36.9,0.33,0.7,4.7,29,1,63.3,69,040099616001,block_group
C-351653,4783,AZ,35.0001,-112.3534,07/16/10,Shrubland,Shrubland,0-5,,,,,,,,,,,,,,,,,,,,,,,,,,,<1,6.86,7.5,606,1.8,0.26,,,,1.29,0.3,75.2,20.9,112,6,33.2,4.28,17.5,0.02,0.06,1.4,40.2,39,1.19,830,0.8,0.55,19,46.7,640,19.1,73.9,0.03,0.82,13.1,0.2,1.8,160,<0.1,12,0.54,0.5,2.1,108,1.4,23.2,82,040250021001,block_group
C-351654,4791,AZ,33.9148,-111.3122,07/14/10,Shrubland,Shrubland,0-5,,,,,,,,,,,,,,,,,,,,,,,,,,,<1,4.74,12.8,494,1.5,0.25,,,,0.55,0.1,52.8,9.4,42,6,18.7,2.95,13.1,0.02,0.05,2.3,29.5,18,0.41,479,0.69,0.94,10.8,18,320,15.9,89.8,<0.01,2.21,7.1,<0.2,1.7,142,<0.1,8.8,0.51,0.5,2.4,77,1.5,18.1,52,040070007001,block_group
C-351656,4820,AZ,33.331,-110.845,06/27/10,Shrubland,Shrubland,0-5,,,,,,,,,,,,,,,,,,,,,,,,,,,<1,6.25,8.7,666,1.5,0.77,,,,1.3,0.2,81.4,15.9,64,7,80.6,3.83,17.5,0.04,0.09,2.18,40.8,28,0.8,571,1.07,0.82,10.8,32.4,470,27.1,116,0.04,0.86,12.9,0.4,2.4,191,0.2,12.5,0.39,0.5,2.2,93,1.4,17.5,73,040070012003,block_group
C-351657,4827,AZ,35.0903,-110.9392,07/02/10,Shrubland,Shrubland,0-5,,,,,,,,,,,,,,,,,,,,,,,,,,,<1,3.89,5.1,358,1,0.1,,,,8.46,0.2,38,13.7,38,6,19.5,2.52,9.08,0.01,0.03,1.27,20.7,14,1.33,612,0.36,0.42,7.9,32.4,670,12.1,45.9,0.02,0.45,8.6,<0.2,1,216,<0.1,5.2,0.31,0.2,1.3,61,0.5,15.4,43,040050015003,block_group
C-343356,5039,AZ,36.5298,-112.2219,07/25/10,Forested Upland,Mixed Forest,0-5,,,,,,,,,,,,,,,,,,,,,,,,,,,<1,3.08,7.2,303,1,0.17,,,,0.44,0.2,41.3,6.2,54,<5,10.9,1.49,7.07,0.02,0.03,1.11,26.6,27,0.3,486,0.9,0.31,7.6,14,1130,16.1,53.9,0.02,0.56,4.5,0.3,1.1,356,<0.1,7.2,0.2,0.4,3.3,32,1.2,17.7,44,040050020002,block_group
C-351658,5047,AZ,32.4347,-112.6576,07/08/10,Shrubland,Shrubland,0-5,,,,,,,,,,,,,,,,,,,,,,,,,,,<1,6.94,4.2,830,1.7,0.28,,,,2.53,0.2,83.9,10.8,29,5,28.3,3.12,16.1,0.02,0.05,2.81,44.4,27,1.11,617,0.89,1.46,16.3,18.3,500,20.3,91.7,0.02,0.92,7.9,<0.2,1.7,280,<0.1,12.7,0.42,0.5,2.3,60,1.3,22.1,62,040190052002,block_group
C-339100,5083,AZ,36.5103,-110.4363,04/21/09,Shrubland,Shrubland,0-5,,,,,,,,,,,,,,,,,,,,,,,,,,,<1,5.07,5.7,722,1.8,0.25,,,,0.77,0.1,78.6,6.3,14,<5,14.4,1.47,10.5,0.01,0.04,1.52,39.2,15,0.16,143,0.83,0.29,10.5,7.8,190,21.4,71,0.05,0.92,7,0.7,1.5,78.9,<0.1,13.4,0.23,0.7,4.1,41,1.3,20.7,38,040179423001,block_group
C-351469,5195,AZ,31.977,-112.7736,07/08/10,Shrubland,Shrubland,0-5,,,,,,,,,,,,,,,,,,,,,,,,,,,<1,6.47,3.3,978,2.2,0.27,,,,2.49,0.2,80.5,9.5,27,<5,19,2.72,16.1,0.03,0.04,1.62,39.2,21,0.83,610,1.21,1.62,20.3,13.5,490,23.1,78.1,0.02,0.82,7.8,0.2,2,337,<0.1,11.8,0.43,0.5,2.5,62,1.4,21.2,58,040190052002,block_group
C-351659,5204,AZ,31.8648,-109.3575,06/22/10,Forested Upland,Mixed Forest,0-5,,,,,,,,,,,,,,,,,,,,,,,,,,,<1,6.06,3.2,637,2.8,0.85,,,,1.48,0.5,78.2,5.7,15,10,38.9,2.44,17.3,0.05,0.1,3.98,41.6,27,0.3,1110,2.02,1.9,29.6,6.6,1030,44,189,0.04,0.95,4.5,0.2,4.3,165,0.1,18.7,0.48,0.9,3.4,45,1.9,21.2,110,040030005001,block_group
C-343369,5295,AZ,35.7384,-114.0204,07/19/10,Shrubland,Shrubland,0-5,,,,,,,,,,,,,,,,,,,,,,,,,,,<1,5.89,6.8,711,3,0.24,,,,2.93,0.1,117,9.5,33,5,14.2,4.27,19.5,0.01,0.09,2.41,54,24,0.78,651,0.9,1.52,23.6,12.7,1230,21.7,94.8,0.02,0.47,17.3,<0.2,3.3,244,<0.1,14.4,0.42,0.6,3.3,64,1.5,43.2,66,040159504022,block_group
C-351660,5332,AZ,34.7906,-109.8947,07/02/10,Herbaceous Upland,Grasslands/Herbaceous,0-5,,,,,,,,,,,,,,,,,,,,,,,,,,,<1,5.5,2.2,872,<0.1,0.34,,,,1.2,<0.1,61.9,7.7,16,6,23.8,2.93,12.4,0.01,0.04,1.27,33.4,21,0.45,341,0.75,0.52,10.7,7.6,230,19.8,63.1,0.02,1.21,<0.1,<0.2,1.6,219,<0.1,12.2,0.33,0.4,3.1,71,1.3,18.9,39,040179602001,block_group
C-351470,5367,AZ,33.7621,-113.2524,07/11/10,Shrubland,Shrubland,0-5,,,,,,,,,,,,,,,,,,,,,,,,,,,<1,6.63,4.9,691,1.8,0.29,,,,1.55,0.2,82.7,14.2,54,6,25.9,3.49,14.9,0.03,0.05,1.78,39.8,28,1.28,619,0.75,1.41,13.1,29.7,580,21.5,71.7,0.02,0.76,11.6,<0.2,1.7,282,<0.1,13.1,0.4,0.5,2.4,87,1.3,20.3,72,040130405151,block_group
C-343365,5551,AZ,36.7351,-114.0408,07/26/10,Shrubland,Shrubland,0-5,,,,,,,,,,,,,,,,,,,,,,,,,,,<1,6.08,5.5,545,2.1,0.28,,,,1.32,0.2,107,11.2,50,6,24.7,3.87,16.9,0.02,0.06,2.3,52.3,32,1.19,783,0.92,1.07,13,24,650,20,110,0.02,0.74,13.7,<0.2,2,170,<0.1,20,0.35,0.6,2.7,75,1.5,23.2,72,040159501002,block_group
C-351661,5588,AZ,34.8053,-110.6384,07/03/10,Shrubland,Shrubland,0-5,,,,,,,,,,,,,,,,,,,,,,,,,,,<1,2.97,4.2,258,0.7,0.15,,,,5.06,0.2,31.3,7.9,21,6,14.1,1.63,7.04,0.01,0.02,0.98,16.4,12,0.53,427,0.32,0.18,5.3,13.6,570,11.3,42.9,0.02,0.51,4.7,<0.2,0.8,96.7,<0.1,4.7,0.18,0.2,1.3,38,0.7,11.9,32,040179605002,block_group
C-339058,5595,AZ,36.1669,-110.6183,04/23/09,Shrubland,Shrubland,0-5,,,,,,,,,,,,,,,,,,,,,,,,,,,<1,4.46,3.5,562,1.3,0.2,,,,0.57,0.1,42.1,5,14,<5,13.6,1.55,7.82,0.01,0.03,1.41,21.3,18,0.6,361,0.36,0.66,6.7,9,390,16.9,71.1,0.02,0.67,5,<0.2,1,99.7,<0.1,7.5,0.21,0.5,1.7,37,0.7,12.5,37,040179400121,block_group
C-351662,5643,AZ,31.5418,-111.5487,06/24/10,Shrubland,Shrubland,0-5,,,,,,,,,,,,,,,,,,,,,,,,,,,<1,6.89,3,848,1.8,0.27,,,,0.71,<0.1,42.6,4.3,16,6,16,2.12,17.5,0.02,0.03,3.35,23.4,21,0.3,335,0.66,1.47,13.4,11.2,160,26.2,134,0.01,1.01,5,<0.2,1.4,187,<0.1,10.4,0.19,0.8,1.9,42,1.2,14.8,42,040190043163,block_group
C-343350,5807,AZ,36.0908,-112.6981,07/22/10,Shrubland,Shrubland,0-5,,,,,,,,,,,,,,,,,,,,,,,,,,,<1,4.17,6.8,443,1.2,0.22,,,,4.94,0.3,51.8,8.8,36,6,21.6,2.24,10.2,0.03,0.04,1.68,27.1,22,1.96,657,0.71,0.41,8.9,18.2,750,16.3,73.1,0.03,0.7,6.6,<0.2,1.4,126,<0.1,9.9,0.23,0.4,1.9,38,1.1,16.4,61,040050023001,block_group
C-351471,5815,AZ,33.6593,-112.596,07/05/10,Shrubland,Shrubland,0-5,,,,,,,,,,,,,,,,,,,,,,,,,,,<1,6.71,3,759,1.5,0.19,,,,1.41,0.1,85.9,7,35,<5,16.4,2.68,11.8,0.01,0.03,1.68,45.3,19,0.71,387,0.42,2.09,8.9,16.3,450,14.9,49.4,0.01,0.39,6.2,<0.2,1,319,<0.1,8.4,0.29,0.3,1.5,64,0.8,14,42,040130405162,block_group
C-351663,5844,AZ,33.5604,-110.6783,06/28/10,Forested Upland,Mixed Forest,0-5,,,,,,,,,,,,,,,,,,,,,,,,,,,<1,9.42,2.7,232,0.8,0.11,,,,5.11,0.1,24.8,56.7,50,<5,83.8,9.36,19.3,0.01,0.06,0.43,10.8,15,2.74,1200,0.48,2.16,9.8,65.4,1430,6.3,14.2,0.02,0.15,13.5,<0.2,1.1,576,<0.1,0.9,1.77,0.1,0.2,284,0.3,16.7,94,040070010001,block_group
C-339059,5851,AZ,36.1781,-109.0773,04/22/09,Shrubland,Shrubland,0-5,,,,,,,,,,,,,,,,,,,,,,,,,,,<1,4.36,3.9,740,1.1,0.14,,,,0.58,<0.1,33.7,3.3,10,<5,8.9,0.91,7.3,0.01,<0.02,1.81,17.8,16,0.38,260,0.31,1.07,5.6,6.1,340,17.5,83.9,0.02,0.49,3.5,<0.2,0.7,165,<0.1,5,0.14,0.6,1.2,23,0.6,10.4,20,040019441003,block_group
C-351472,6071,AZ,33.3547,-113.6916,07/11/10,Shrubland,Shrubland,0-5,,,,,,,,,,,,,,,,,,,,,,,,,,,<1,5.81,13.8,580,1.5,0.23,,,,7.63,0.2,80.1,12.2,44,6,32.1,3.11,12.4,0.03,0.05,1.46,39.4,32,1.37,596,0.84,0.83,11.7,23.7,930,19.2,64.3,0.03,1.16,9.8,<0.2,1.6,234,<0.1,14.1,0.41,0.5,2.6,92,1.8,20.9,70,040270121002,block_group
C-339060,6107,AZ,36.1603,-111.3842,04/21/09,Shrubland,Shrubland,0-5,,,,,,,,,,,,,,,,,,,,,,,,,,,<1,3.09,4.1,843,1,0.14,,,,4.66,<0.1,37.7,4.5,9,<5,12.6,1.39,5.66,0.01,0.02,1.33,17.9,23,1.1,466,0.22,0.43,5.1,6.3,300,14.5,62.7,0.03,0.54,3.9,<0.2,0.8,242,<0.1,6,0.15,0.4,1.4,32,0.5,11.9,23,040059450001,block_group
C-343374,6319,AZ,34.9656,-113.7029,07/20/10,Shrubland,Shrubland,0-5,,,,,,,,,,,,,,,,,,,,,,,,,,,<1,5.64,4.7,719,2.3,0.6,,,,2.3,0.1,122,10.9,36,<5,13.4,3.81,13.7,0.02,0.06,2.71,55.6,13,0.57,445,0.87,1.41,24.4,12.2,650,26.6,165,0.01,0.41,7.1,<0.2,4.1,163,<0.1,29.9,0.4,0.7,3.9,69,2.8,33.6,51,040159548002,block_group
C-351664,6391,AZ,33.7672,-113.5579,07/10/10,Shrubland,Shrubland,0-5,,,,,,,,,,,,,,,,,,,,,,,,,,,<1,5.66,6.2,775,1.7,0.47,,,,4.66,0.2,102,11.3,35,<5,24.1,3.11,14.6,0.01,0.05,2.54,51.5,22,1.11,603,1.11,1.28,15,18.3,850,26.7,94.2,0.03,1.14,9.2,<0.2,4,300,<0.1,17.6,0.35,0.5,3.3,75,2,26.3,65,040120201001,block_group
C-351665,6420,AZ,31.7555,-109.7459,06/23/10,Planted/Cultivated,Fallow,0-5,,,,,,,,,,,,,,,,,,,,,,,,,,,<1,6.52,6,758,1.9,1.37,,,,0.44,0.4,57.7,7.2,16,11,65,2.28,14.7,0.02,0.13,3.63,30.9,28,0.36,944,1.64,1.45,10.5,8.3,390,39.9,169,0.05,0.86,5.1,0.3,2.4,158,0.3,15.2,0.2,1.4,3.4,43,3.5,15.6,98,040030005002,block_group
C-343349,6575,AZ,35.7672,-112.8131,07/22/10,Shrubland,Shrubland,0-5,,,,,,,,,,,,,,,,,,,,,,,,,,,<1,4.11,6.8,514,1.3,0.27,,,,0.77,0.4,69.6,12.1,53,6,18.3,2.23,11.7,0.03,0.04,1.75,35.2,22,0.54,664,0.92,0.63,12.7,18.2,1060,22,84.3,0.03,0.8,7.8,0.2,1.7,129,<0.1,13,0.28,0.6,3.2,40,1.5,23.6,61,040050023001,block_group
C-351473,6583,AZ,33.8049,-112.0351,07/14/10,Shrubland,Shrubland,0-5,,,,,,,,,,,,,,,,,,,,,,,,,,,<1,6.36,7.7,667,1.5,0.34,,,,1.71,0.2,65.9,12.2,65,<5,36.3,3.46,12.4,0.02,0.05,1.4,31.9,26,1.26,598,0.66,1.38,10.8,33.6,820,21.9,48,0.02,0.88,11.4,<0.2,1.5,259,<0.1,8.5,0.39,0.4,1.9,88,1.1,16.9,68,040136107001,block_group
C-351666,6612,AZ,34.302,-110.3482,06/30/10,Forested Upland,Evergreen Forest,0-5,,,,,,,,,,,,,,,,,,,,,,,,,,,<1,1.86,6,189,0.6,0.2,,,,0.19,0.2,25.1,2.9,11,<5,10.9,0.75,3.98,0.02,<0.02,0.76,12.8,9,0.09,159,0.77,0.09,3.8,4.7,150,14.1,36.3,0.01,0.45,2.1,0.4,0.7,31.2,<0.1,5,0.12,0.2,1.2,19,1.4,6.9,29,040179642021,block_group
C-339061,6619,AZ,35.4736,-110.6492,04/20/09,Barren,Bare Rock/Sand/Clay,0-5,,,,,,,,,,,,,,,,,,,,,,,,,,,<1,2.75,2.7,567,0.7,0.06,,,,1.04,<0.1,23.2,2.9,8,<5,5.7,0.77,4.5,<0.01,<0.02,1.54,11.8,10,0.38,173,0.16,0.63,4.5,6.8,190,9.9,53.9,<0.01,0.33,2.5,<0.2,0.4,140,<0.1,3.2,0.12,0.3,0.9,21,0.3,7,18,040179400152,block_group
C-351667,6667,AZ,32.2922,-111.347,06/24/10,Shrubland,Shrubland,0-5,,,,,,,,,,,,,,,,,,,,,,,,,,,<1,7.66,6.5,751,0.1,0.4,,,,0.95,0.3,70.1,10.7,23,10,31.4,2.74,18.1,0.03,0.06,3.11,37.1,33,0.77,786,1.11,1.61,13,14.7,700,28.9,140,0.02,1.8,<0.1,<0.2,1.9,222,<0.1,15.7,0.29,0.8,3.1,58,2.8,19,81,040190044251,block_group
C-351474,6839,AZ,32.8121,-112.3241,07/06/10,Shrubland,Shrubland,0-5,,,,,,,,,,,,,,,,,,,,,,,,,,,<1,5.36,4.8,508,1.6,0.29,,,,3.7,0.1,62.7,8.1,33,6,20.9,2.53,11.1,0.02,0.05,1.63,29.6,27,0.91,420,0.53,1.25,9.3,17,450,16.8,66.7,0.02,0.7,8,<0.2,1.5,191,<0.1,9.7,0.29,0.5,1.9,56,1.3,17.7,53,040137233061,block_group
C-339062,6875,AZ,35.602,-109.7411,04/19/09,Shrubland,Shrubland,0-5,,,,,,,,,,,,,,,,,,,,,,,,,,,<1,4.47,3,783,1.4,0.12,,,,1.7,<0.1,42.5,4.6,11,<5,8.9,1.2,8.71,0.01,0.02,1.5,23.4,22,0.51,214,0.3,1.02,8.9,9.9,500,15.3,67.7,0.02,0.48,4.4,<0.2,0.8,229,<0.1,6,0.17,0.5,1.4,30,0.7,11.8,26,040019449022,block_group
C-351669,7060,AZ,33.8263,-109.4923,06/30/10,Forested Upland,Evergreen Forest,0-5,,,,,,,,,,,,,,,,,,,,,,,,,,,<1,7.17,7.1,988,2.8,0.77,,,,1.11,0.3,74.6,25.4,85,8,43.9,5.15,20.1,0.08,0.09,1.92,39.1,31,0.92,2100,1.68,1.18,44.9,42.8,1650,34.4,117,0.04,0.98,11,0.4,2.8,204,0.1,15.7,0.9,0.6,3,102,1.9,19,113,040019705021,block_group
C-351475,7095,AZ,32.8427,-113.4354,07/09/10,Shrubland,Shrubland,0-5,,,,,,,,,,,,,,,,,,,,,,,,,,,<1,5.74,5.1,825,1.8,0.18,,,,3.09,0.2,57.2,6.2,23,<5,18.2,1.98,11.8,0.01,0.03,1.69,28.3,20,0.73,354,0.7,1.68,10,11.4,580,18.6,67.8,0.02,0.61,5.8,<0.2,1.2,320,<0.1,8.4,0.29,0.4,1.8,53,1,14,42,040270121002,block_group
C-343363,7343,AZ,36.9501,-113.7958,07/26/10,Shrubland,Shrubland,0-5,,,,,,,,,,,,,,,,,,,,,,,,,,,<1,2.07,3.4,386,0.5,0.08,,,,2.75,<0.1,19.8,3.2,14,<5,7.6,1.13,4.74,0.01,<0.02,1.24,10.2,14,0.63,212,0.4,0.27,3.7,7.5,330,8.5,38.8,0.01,0.3,2.7,<0.2,0.6,102,<0.1,4.6,0.13,0.2,1.1,27,0.4,7,21,040159501002,block_group
C-351670,7380,AZ,34.5154,-109.7206,07/01/10,Shrubland,Shrubland,0-5,,,,,,,,,,,,,,,,,,,,,,,,,,,<1,4.64,5.3,461,1.5,0.26,,,,0.65,0.2,56.2,8,28,6,23.6,2.71,11.3,0.02,0.04,1.03,30.8,30,0.64,313,0.65,0.14,9.9,12.7,640,20.3,51,0.02,0.84,8,0.2,1.5,104,<0.1,11.9,0.3,0.3,2.5,78,1.1,17.5,37,040019702001,block_group
C-351671,7444,AZ,31.843,-110.96,06/23/10,Shrubland,Shrubland,0-5,,,,,,,,,,,,,,,,,,,,,,,,,,,<1,6.37,9.1,801,2,0.49,,,,0.77,0.2,82.1,6.4,20,7,33.9,3.16,14.3,0.01,0.06,3.45,44.3,22,0.39,422,3.95,1.35,13,9.4,330,28.8,147,0.02,1.58,7,<0.2,2.2,169,<0.1,17.9,0.33,0.9,3.4,71,2.7,20.6,58,040190041191,block_group
C-351672,7599,AZ,34.9623,-112.1353,07/16/10,Shrubland,Shrubland,0-5,,,,,,,,,,,,,,,,,,,,,,,,,,,<1,5.26,6.3,510,1.8,0.19,,,,1.11,0.3,63.2,19.3,106,<5,30.8,3.62,13,0.02,0.05,1.27,32.6,26,0.98,759,0.66,0.47,15.7,49.8,740,14.5,56.9,0.02,0.64,11.2,0.3,1.5,145,<0.1,8.5,0.47,0.4,1.7,82,1,17.1,66,040250019001,block_group
C-339064,7607,AZ,34.7421,-111.7904,04/25/09,Shrubland,Shrubland,0-5,,,,,,,,,,,,,,,,,,,,,,,,,,,<1,6.23,29.1,568,1.6,0.19,,,,3.74,0.4,74.4,48.1,475,5,77.2,8.38,16.4,0.02,0.08,1.01,35.6,18,2.71,1040,0.97,1.01,32.6,195,1380,161,34.6,0.02,1.57,23.4,0.2,2.5,353,<0.1,6.4,1.32,0.2,1.4,268,0.8,19.8,121,040250017022,block_group
C-351673,7636,AZ,32.788,-109.7726,06/29/10,Shrubland,Shrubland,0-5,,,,,,,,,,,,,,,,,,,,,,,,,,,<1,6.35,1.1,466,1.4,0.29,,,,2.61,0.2,83.4,11.5,38,<5,27.6,3.43,16.4,0.02,0.07,2.31,41.2,15,0.82,708,1.27,1.72,10.7,18.7,670,19.4,101,0.04,0.16,13.6,<0.2,2.4,281,<0.1,12.7,0.42,0.4,2,80,0.6,34.8,55,040099611003,block_group
C-339065,7643,AZ,36.0181,-111.1126,04/20/09,Shrubland,Shrubland,0-5,,,,,,,,,,,,,,,,,,,,,,,,,,,<1,2.17,1.7,419,0.7,0.07,,,,0.55,<0.1,19.1,2.4,6,<5,6.2,0.64,4.06,<0.01,<0.02,1.23,9.3,9,0.28,160,0.11,0.35,3.3,4.3,160,12.7,43.9,<0.01,0.27,2.2,<0.2,0.5,72.2,<0.1,3,0.09,0.3,0.8,15,0.3,5.7,15,040059451004,block_group
C-343359,7855,AZ,36.991,-112.867,07/26/10,Shrubland,Shrubland,0-5,,,,,,,,,,,,,,,,,,,,,,,,,,,<1,1.55,2.6,259,0.3,0.05,,,,0.07,<0.1,11.4,1.3,5,<5,4.1,0.41,2.91,<0.01,<0.02,1.56,5.7,7,0.07,126,0.17,0.08,2,4,120,8.8,45,<0.01,0.17,1,<0.2,0.4,30.3,<0.1,1.9,0.07,0.2,0.6,8,0.3,3.3,12,040159501003,block_group
C-351589,7863,AZ,32.5669,-111.758,06/25/10,Shrubland,Shrubland,0-5,,,,,,,,,,,,,,,,,,,,,,,,,,,<1,5.74,4.3,981,1.7,0.26,,,,0.96,0.1,57.5,5.2,17,<5,19,1.78,11.1,0.01,0.03,2.9,31.3,17,0.43,335,0.79,1.63,8.9,11.1,440,25.9,119,0.01,1.46,5.3,<0.2,1.1,227,<0.1,9.5,0.22,0.6,2,45,1.2,16.3,43,040210021032,block_group
C-339066,7899,AZ,35.3809,-109.0848,04/19/09,Shrubland,Shrubland,0-5,,,,,,,,,,,,,,,,,,,,,,,,,,,<1,5.9,7.6,588,2.1,0.21,,,,3.52,0.1,61.6,9.7,30,7,20.5,2.42,12.4,0.01,0.04,1.24,30.4,27,1.05,528,0.46,0.41,10.7,17.6,520,18.9,87.3,0.02,0.74,9.5,<0.2,1.6,160,<0.1,11.3,0.28,0.5,2.7,64,1.2,20.2,46,040019450021,block_group
C-351590,7927,AZ,32.5386,-114.5792,07/09/10,Shrubland,Shrubland,0-5,,,,,,,,,,,,,,,,,,,,,,,,,,,<1,2.73,5.2,499,0.8,0.08,,,,0.88,<0.1,30.6,2.9,7,<5,6.3,0.93,5.75,<0.01,<0.02,1.47,15.2,9,0.29,161,0.27,0.73,4.1,5.3,220,11.1,51.5,<0.01,0.32,2.7,<0.2,0.5,129,<0.1,4.4,0.12,0.3,1.1,25,0.4,7.7,18,040270118001,block_group
C-351674,8084,AZ,33.0267,-109.2619,06/29/10,Shrubland,Shrubland,0-5,,,,,,,,,,,,,,,,,,,,,,,,,,,<1,7.71,5.5,593,2.4,0.58,,,,1.29,1.1,72.8,18,78,9,277,4.17,20.5,0.03,0.1,2.1,39.3,32,1.03,698,3.04,1.06,17.3,48.2,570,24.5,105,0.03,1,12.5,0.3,2.8,243,0.3,12.3,0.49,0.5,2,89,2,27.2,124,040119601001,block_group
C-343378,8119,AZ,34.4796,-114.2055,07/21/10,Shrubland,Shrubland,0-5,,,,,,,,,,,,,,,,,,,,,,,,,,,<1,6.77,6.6,686,1.8,0.3,,,,2.09,0.2,98,16.5,83,6,32.4,4.72,15.6,0.02,0.08,2.23,49.5,31,1.57,858,1.12,1.19,19.4,30.5,710,40.6,103,0.02,1.1,13.5,<0.2,2.4,215,<0.1,18.8,0.51,0.6,3,108,2.1,27,85,040159534021,block_group
C-351675,8367,AZ,35.2804,-112.9266,07/18/10,Shrubland,Shrubland,0-5,,,,,,,,,,,,,,,,,,,,,,,,,,,<1,1.8,3.3,222,0.6,0.13,,,,13.7,0.4,32.6,5.1,21,<5,8.7,0.91,5.11,0.02,0.02,0.64,19.1,11,0.39,238,0.25,0.14,4.5,12.5,450,9.7,30.2,0.02,0.48,3.5,<0.2,0.8,129,<0.1,5.5,0.12,0.2,1.2,20,0.6,13.9,26,040250021002,block_group
C-351676,8439,AZ,34.7547,-113.0005,07/16/10,Shrubland,Shrubland,0-5,,,,,,,,,,,,,,,,,,,,,,,,,,,<1,5.21,5.8,642,1.8,0.22,,,,0.91,0.2,93.2,21.5,59,6,26.2,2.96,15.5,0.02,0.05,1.42,42.4,27,0.64,862,0.68,0.76,17.3,30.3,440,20.5,80.1,0.02,0.77,10.7,0.2,1.9,130,<0.1,13.1,0.43,0.5,2.7,85,1.4,24.1,60,040250012002,block_group
C-343362,8623,AZ,36.1319,-113.596,07/26/10,Forested Upland,Mixed Forest,0-5,,,,,,,,,,,,,,,,,,,,,,,,,,,<1,4.2,6.8,510,1.2,0.21,,,,0.68,0.4,68.8,8.6,39,<5,15.4,2.06,10.9,0.04,0.03,1.79,33.7,23,0.41,594,1.07,0.74,11.3,15.6,680,18.7,80.5,0.02,0.7,7,0.2,1.5,138,<0.1,9.2,0.3,0.5,2.3,45,1.4,19.2,64,040159501002,block_group
C-339067,8660,AZ,34.691,-111.1113,04/25/09,Forested Upland,Evergreen Forest,0-5,,,,,,,,,,,,,,,,,,,,,,,,,,,<1,3.05,4.7,355,0.9,0.2,,,,0.36,0.2,39,6.4,23,<5,12.9,1.3,5.62,0.02,0.02,1.22,18.5,17,0.29,259,0.89,0.35,7,11.9,270,18.2,46.6,0.01,0.49,4.3,<0.2,1,85,<0.1,6.5,0.21,0.3,1.6,33,0.9,10.5,32,040050015004,block_group
C-351677,8715,AZ,31.9927,-112.8047,07/08/10,Shrubland,Shrubland,0-5,,,,,,,,,,,,,,,,,,,,,,,,,,,<1,6.95,4.2,942,2.2,0.22,,,,3.51,0.2,83.2,9.8,24,<5,22.2,3.2,17.3,0.01,0.04,2.57,43.5,23,0.88,540,1.28,1.92,23.5,10.9,1070,18.7,89.3,0.02,0.78,7.8,<0.2,2,413,<0.1,12.4,0.55,0.4,2.4,81,1.2,21.8,72,040190052002,block_group
C-351710,8724,AZ,32.338,-110.9103,06/25/10,Shrubland,Shrubland,0-5,,,,,,,,,,,,,,,,,,,,,,,,,,,<1,6.53,2.1,952,1.9,0.3,,,,0.97,0.1,92.7,4.9,16,6,18.2,2.58,16.7,0.01,0.03,3.08,46.1,20,0.27,843,0.83,2.1,11.4,7.5,350,23.6,123,0.01,0.36,5.1,<0.2,1.6,265,<0.1,17.9,0.21,0.6,2,43,2.1,18.5,51,040190047142,block_group
C-351711,8879,AZ,35.2101,-112.6237,07/18/10,Shrubland,Shrubland,0-5,,,,,,,,,,,,,,,,,,,,,,,,,,,<1,4.95,4.3,594,1.1,0.21,,,,7.03,0.4,53.1,32.7,197,<5,31.4,4.06,12.3,0.03,0.05,1.27,28.6,23,3.36,864,0.6,0.57,14.5,165,950,16.2,49.1,0.04,0.52,16.2,0.2,1.5,181,<0.1,7.6,0.46,0.3,1.4,91,0.8,17.8,71,040250021001,block_group
C-351591,8887,AZ,33.8607,-111.7032,07/14/10,Shrubland,Shrubland,0-5,,,,,,,,,,,,,,,,,,,,,,,,,,,<1,6.53,10.2,568,3.2,0.47,,,,1.51,0.1,147,15.5,56,8,24.1,4.78,16.9,0.02,0.08,2.63,60.8,46,0.97,993,1.32,1.89,23.3,31.5,1460,39.2,126,0.02,1.43,12.7,0.2,2.2,263,<0.1,29.9,0.56,0.7,5.3,83,2.7,36.8,103,040130101021,block_group
C-351712,8916,AZ,33.8129,-110.9766,07/03/10,Forested Upland,Mixed Forest,0-5,,,,,,,,,,,,,,,,,,,,,,,,,,,<1,7.63,6.2,250,0.7,0.89,,,,3.35,0.4,27,49.7,147,7,66.5,6.63,15.2,0.06,0.07,0.61,12,30,2.6,1230,0.72,1.29,8.1,151,810,29.9,33.1,0.04,0.49,15,0.3,1.6,325,0.1,2.1,1.08,0.3,0.5,143,0.4,17.8,92,040070007001,block_group
C-351592,9143,AZ,32.8742,-113.2115,07/09/10,Barren,Bare Rock/Sand/Clay,0-5,,,,,,,,,,,,,,,,,,,,,,,,,,,<1,5.03,3.6,699,1.4,0.17,,,,1.83,0.1,45.9,5.8,22,<5,15.8,1.88,9.96,0.01,0.03,2.23,21.9,16,0.67,319,0.61,1.28,8.2,12.5,390,17.6,72.1,0.01,0.56,5.6,<0.2,1,234,<0.1,6.9,0.25,0.4,1.4,51,0.8,11.1,40,040137233052,block_group
C-339068,9179,AZ,36.5904,-110.8902,04/21/09,Shrubland,Shrubland,0-5,,,,,,,,,,,,,,,,,,,,,,,,,,,<1,2.16,1.6,353,0.6,0.08,,,,0.19,<0.1,19.1,1.9,5,<5,5.2,0.58,3.77,0.01,<0.02,1.44,9.3,11,0.28,150,0.17,0.33,2.8,3.6,240,12.2,47.8,<0.01,0.26,2.1,<0.2,0.6,48.4,<0.1,3.2,0.1,0.3,0.9,13,0.3,5.6,14,040059422023,block_group
C-339070,9259,AZ,36.806,-109.8851,04/22/09,Shrubland,Shrubland,0-5,,,,,,,,,,,,,,,,,,,,,,,,,,,<1,2.69,2.1,465,0.8,0.06,,,,1.18,<0.1,20.1,2.7,7,<5,6.6,0.74,4.77,<0.01,<0.02,1.7,9.9,18,0.69,194,0.17,0.4,3.2,5,190,10.4,51.7,0.01,0.26,2.9,<0.2,0.6,106,<0.1,3.3,0.1,0.3,0.8,18,0.3,6.4,15,040019426001,block_group
C-343371,9391,AZ,35.5266,-114.2558,07/19/10,Shrubland,Shrubland,0-5,,,,,,,,,,,,,,,,,,,,,,,,,,,<1,6.12,2.3,755,1.9,0.13,,,,0.87,<0.1,97.8,6.6,25,5,13.4,2.22,15.1,0.01,0.07,3.08,46.4,18,0.5,412,0.57,1.66,13,11.8,390,23.5,98.4,0.01,0.3,11.6,<0.2,2.8,122,<0.1,21.9,0.21,0.7,2.4,36,1.5,23,47,040159504012,block_group
C-351713,9428,AZ,34.9521,-109.5407,07/01/10,Shrubland,Shrubland,0-5,,,,,,,,,,,,,,,,,,,,,,,,,,,<1,2.78,1.8,535,0.7,0.1,,,,0.35,<0.1,35.3,2.6,7,<5,6.3,0.8,5.86,<0.01,<0.02,1.58,20.1,9,0.16,170,0.25,0.73,4.3,4,120,10.4,60.2,0.01,0.46,1.8,<0.2,0.6,122,<0.1,4.5,0.13,0.3,1.3,23,0.4,7.5,17,040019702001,block_group
C-351714,9463,AZ,34.1119,-112.936,07/13/10,Shrubland,Shrubland,0-5,,,,,,,,,,,,,,,,,,,,,,,,,,,<1,5.89,1.9,740,1.9,0.18,,,,0.92,<0.1,122,5.8,21,<5,20.9,2.37,13.6,0.01,0.04,3.36,60.4,19,0.37,462,0.56,1.6,21.1,9.2,560,24.5,127,0.01,0.48,6.3,<0.2,1.8,167,<0.1,18.2,0.33,0.7,3,45,0.8,30.6,44,040250014032,block_group
C-343366,9647,AZ,36.5851,-114.0121,07/26/10,Shrubland,Shrubland,0-5,,,,,,,,,,,,,,,,,,,,,,,,,,,<1,2.83,5.9,462,0.9,0.18,,,,0.53,0.2,66.1,4.8,14,<5,15.8,1.73,9.02,0.01,0.04,1.11,33.7,17,0.36,355,1.32,0.55,7.1,7.5,380,21.1,66.1,0.04,0.53,4.8,<0.2,1.3,75.2,<0.1,10.7,0.15,0.4,2.1,32,0.8,15.6,33,040159501002,block_group
C-351715,9655,AZ,34.3397,-112.6308,07/13/10,Shrubland,Shrubland,0-5,,,,,,,,,,,,,,,,,,,,,,,,,,,<1,6.9,9.1,1030,1.8,0.28,,,,2.87,0.2,97.6,26.9,255,<5,54.1,4.88,17,0.02,0.07,1.9,49.5,24,1.87,1050,1.03,1.54,30.4,85.5,1740,16.9,59.1,0.02,0.88,17.8,0.2,1.4,864,<0.1,9.6,0.69,0.3,2.5,131,1.4,22.2,94,040250014022,block_group
C-351716,9684,AZ,34.6263,-110.1347,07/02/10,Shrubland,Shrubland,0-5,,,,,,,,,,,,,,,,,,,,,,,,,,,<1,3.44,4.4,596,1,0.13,,,,4.55,0.1,38.1,6.7,19,9,17.6,1.69,8.33,0.01,0.03,1.47,19.6,20,0.96,453,0.31,0.09,5.7,13.8,400,12.4,68.7,0.03,0.53,5.9,<0.2,1,77.5,<0.1,6.4,0.18,0.3,1.6,48,0.7,12.9,43,040179633003,block_group
C-339071,9691,AZ,36.0281,-110.6989,04/23/09,Shrubland,Shrubland,0-5,,,,,,,,,,,,,,,,,,,,,,,,,,,<1,2.53,1.8,476,0.7,0.09,,,,0.28,<0.1,26.4,2.6,6,<5,4.7,0.77,4.74,<0.01,<0.02,1.6,12.8,9,0.2,139,0.23,0.41,5,4.2,140,12.8,61.5,<0.01,0.31,2.5,<0.2,0.8,73.3,<0.1,4.4,0.12,0.4,1.2,19,0.4,7.2,15,040179400121,block_group
C-351717,9739,AZ,32.0159,-112.7117,07/08/10,Shrubland,Shrubland,0-5,,,,,,,,,,,,,,,,,,,,,,,,,,,<1,7.15,3.4,990,2.3,0.18,,,,1.99,0.2,92.3,11,35,<5,15.8,3.36,18.1,0.02,0.05,2.9,48.9,27,0.79,723,1.49,2,22.3,14,710,19.2,99.1,0.02,1.05,8.3,<0.2,2.1,368,<0.1,12,0.54,0.4,2.5,82,1.3,21.9,79,040190052002,block_group
C-351719,9748,AZ,31.7115,-109.0705,06/22/10,Shrubland,Shrubland,0-5,,,,,,,,,,,,,,,,,,,,,,,,,,,<1,6.27,4.4,381,2.6,0.54,,,,0.49,0.2,49.1,3.6,12,8,23.6,1.09,14.3,0.02,0.04,3.91,28.4,32,0.18,454,0.79,1.52,19.6,5.3,210,27.8,219,0.01,0.6,3,<0.2,2.1,90.3,<0.1,21.8,0.17,0.7,4.3,19,1.7,23.3,35,040030005001,block_group
C-343358,9903,AZ,36.4074,-112.8179,07/25/10,Shrubland,Shrubland,0-5,,,,,,,,,,,,,,,,,,,,,,,,,,,<1,3.56,3.4,405,1.1,0.2,,,,5.38,0.3,49.1,6.5,36,<5,15.2,1.81,8.39,0.02,0.03,1.57,26.4,20,0.95,448,0.52,0.29,7.3,15.4,840,16.3,64.7,0.03,0.57,5.3,<0.2,1.2,112,<0.1,9,0.19,0.4,2.1,33,0.9,16.7,50,040159501002,block_group
C-351594,9911,AZ,32.8452,-112.3169,07/06/10,Shrubland,Shrubland,0-5,,,,,,,,,,,,,,,,,,,,,,,,,,,<1,5.77,7.7,593,1.6,0.25,,,,3.1,<0.1,72.3,9.8,34,6,19.8,2.91,12.4,0.01,0.05,2.06,33.2,27,0.97,493,0.46,1.44,10.3,18.4,510,17.1,90.4,0.02,0.58,8.9,<0.2,1.5,232,<0.1,10.6,0.32,0.5,2.1,64,1.3,18.3,51,040137233061,block_group
C-351720,9940,AZ,34.2356,-110.1026,06/30/10,Forested Upland,Mixed Forest,0-5,,,,,,,,,,,,,,,,,,,,,,,,,,,<1,2.29,4.3,291,0.7,0.37,,,,0.24,<0.1,33.5,3.5,15,<5,12.3,0.91,4.68,0.03,0.02,0.96,16.4,12,0.1,300,0.91,0.11,5.1,6,170,18.2,45.7,0.02,0.48,2.3,0.2,0.9,39.1,<0.1,5.6,0.13,0.4,1.5,18,0.7,8,23,040179648002,block_group
C-339072,9947,AZ,35.7967,-109.9901,04/19/09,Shrubland,Shrubland,0-5,,,,,,,,,,,,,,,,,,,,,,,,,,,<1,4.78,8.4,629,1.4,0.22,,,,0.61,0.2,46.9,6.7,17,5,12.9,1.7,9.39,0.01,0.03,1.75,23.9,20,0.49,343,0.87,0.71,8.8,9.5,470,20,70.3,0.03,0.86,5.8,<0.2,1.3,145,<0.1,7.9,0.22,0.6,2,55,1,14.3,44,040019449021,block_group
C-351721,10004,AZ,31.37,-110.813,06/23/10,Shrubland,Shrubland,0-5,,,,,,,,,,,,,,,,,,,,,,,,,,,<1,7.3,1.9,925,1.4,0.24,,,,1.53,<0.1,54.3,5.6,8,6,28.9,1.54,15.1,0.01,0.03,3.42,30,13,0.35,338,1.46,2.44,9.1,4.9,220,15.3,125,0.01,0.85,4.2,<0.2,1.2,380,<0.1,17.5,0.25,0.5,4.7,42,1.7,11.8,31,040239661043,block_group
C-351595,10167,AZ,33.4253,-113.6978,07/11/10,Shrubland,Shrubland,0-5,,,,,,,,,,,,,,,,,,,,,,,,,,,<1,6.67,6.6,678,1.3,0.2,,,,6.39,0.2,70.5,23.6,91,<5,52.4,5.31,13.5,0.04,0.06,1.56,32.4,28,2.3,985,0.84,1.5,11.7,40,1010,18.2,50.8,0.02,0.9,19.7,<0.2,1.4,434,<0.1,8.5,0.68,0.3,1.9,173,1,19.8,77,040120201003,block_group
C-351722,10315,AZ,32.1853,-112.9212,07/08/10,Shrubland,Shrubland,0-5,,,,,,,,,,,,,,,,,,,,,,,,,,,<1,5.85,3.4,680,1.6,0.24,,,,1.26,0.1,72.3,8.3,32,<5,18.8,2.61,14.6,0.01,0.04,2.54,38.4,20,0.79,414,0.76,1.48,12.2,14.7,340,19.3,97.3,0.02,0.77,6.6,<0.2,1.5,246,<0.1,14,0.32,0.5,2.7,63,1.3,18.3,55,040190052002,block_group
C-343376,10415,AZ,34.8548,-114.0205,07/21/10,Shrubland,Shrubland,0-5,,,,,,,,,,,,,,,,,,,,,,,,,,,<1,6.1,3.3,784,2.8,0.33,,,,1.8,0.1,145,9.1,57,<5,12.7,6.66,16.3,0.01,0.07,2.8,62.2,13,0.49,537,1.08,1.75,44.6,11.2,720,28.3,121,0.01,0.31,8.1,<0.2,6.1,231,<0.1,35.1,0.67,0.7,5.7,110,3.7,60.4,52,040159548002,block_group
C-351723,10452,AZ,34.5213,-109.2721,07/01/10,Shrubland,Shrubland,0-5,,,,,,,,,,,,,,,,,,,,,,,,,,,<1,5.38,1.7,909,1.3,0.25,,,,0.92,0.2,53.7,6.3,12,8,15.9,1.39,11.9,0.01,0.03,1.78,28.7,18,0.74,332,0.4,0.55,9.5,7.3,260,21.7,87.6,0.03,0.7,4.5,<0.2,1.2,202,<0.1,10,0.19,0.5,2.1,35,1,15.7,39,040019702002,block_group
C-351724,10516,AZ,31.8496,-109.9778,06/23/10,Shrubland,Shrubland,0-5,,,,,,,,,,,,,,,,,,,,,,,,,,,<1,5.11,7.3,523,1.7,0.93,,,,0.99,0.4,53.7,6.8,33,9,29.2,2.15,12.5,0.03,0.06,2.41,28.9,33,0.38,434,1.29,0.48,12.3,13.7,220,35.8,126,0.02,1.33,5.9,0.3,2,86.2,0.1,11.7,0.23,0.8,2.3,40,3.3,17,58,040030004001,block_group
C-343379,10671,AZ,35.4388,-112.6087,07/21/10,Forested Upland,Mixed Forest,0-5,,,,,,,,,,,,,,,,,,,,,,,,,,,<1,5.06,5.6,511,1.3,0.53,,,,2.48,0.8,64.7,18.4,59,6,40.5,3.51,15.2,0.08,0.08,1.19,33,26,0.88,740,0.97,0.5,17.5,29,880,35.5,70,0.08,0.85,11.2,0.4,2.2,158,0.2,10.8,0.39,0.5,2,73,1.2,21.5,82,040050023001,block_group
C-351596,10679,AZ,33.9743,-112.1108,07/14/10,Shrubland,Shrubland,0-5,,,,,,,,,,,,,,,,,,,,,,,,,,,<1,6,6.8,721,1.7,0.28,,,,0.9,0.2,75.3,10.3,41,<5,22.1,2.59,12.6,0.03,0.05,2.21,34.8,25,0.65,531,0.78,1.21,10.9,23,320,22.4,81.6,0.02,1.39,9.3,<0.2,1.5,171,<0.1,11.2,0.32,0.5,2.3,54,1.1,18.6,57,040136100001,block_group
C-351725,10708,AZ,34.1524,-109.8926,06/30/10,Forested Upland,Mixed Forest,0-5,,,,,,,,,,,,,,,,,,,,,,,,,,,<1,5.13,5.7,626,1.6,0.44,,,,0.78,0.3,70.7,25.4,186,6,48.7,4.65,12.9,0.04,0.06,1.55,45.8,24,0.56,867,0.96,0.81,25.7,73.1,560,24.7,82.8,0.04,0.78,12.3,0.3,1.9,147,0.1,11.6,0.74,0.5,2.7,77,1.3,26.4,80,040179653003,block_group
C-339073,10715,AZ,35.4628,-110.3788,04/19/09,Shrubland,Shrubland,0-5,,,,,,,,,,,,,,,,,,,,,,,,,,,<1,3.61,4,683,1.3,0.11,,,,3.11,<0.1,55,14.9,66,<5,16.5,2.73,8.46,0.01,0.03,1.32,26.5,14,1.35,434,0.98,0.82,20.8,44.4,1050,12,46.3,0.02,0.39,8.8,<0.2,1.2,383,<0.1,5.3,0.65,0.3,1.4,83,0.6,14.2,40,040179400152,block_group
C-351597,10763,AZ,32.5284,-111.4498,06/25/10,Shrubland,Shrubland,0-5,,,,,,,,,,,,,,,,,,,,,,,,,,,<1,6.86,10.8,760,2.2,1.39,,,,1.41,1.4,85.5,13.3,45,21,137,4.36,15.6,0.03,0.12,2.68,41.7,49,0.75,891,2.06,1.57,16.4,22,890,104,128,0.04,2.74,11.1,<0.2,2.5,286,0.2,13.7,0.5,0.7,2.7,95,3.3,25.6,150,040210021033,block_group
C-343355,10927,AZ,36.9415,-112.0597,07/24/10,Shrubland,Shrubland,0-5,,,,,,,,,,,,,,,,,,,,,,,,,,,<1,2.77,6.5,281,0.8,0.18,,,,6.68,0.3,34.9,4,43,<5,12.9,1.16,6.35,0.01,0.02,1.2,29.2,17,1.93,396,0.6,0.22,2.4,9.8,5990,11.8,48.1,0.04,0.26,4.4,0.4,0.7,327,<0.1,6.7,0.12,0.3,1.6,25,0.6,34.9,48,040050020002,block_group
C-351598,10935,AZ,33.3086,-111.2474,06/17/10,Shrubland,Shrubland,0-5,,,,,,,,,,,,,,,,,,,,,,,,,,,<1,6.56,15,413,1.4,1.43,,,,2.09,0.3,57.7,32.8,65,6,121,8.44,18.6,0.04,0.12,1.14,25.8,51,1.53,1890,3.68,1.07,11.5,32.6,680,42.5,47.9,0.02,1.26,29.4,<0.2,2,146,0.2,8.3,0.81,0.3,1.4,206,1.6,35.4,113,040210002012,block_group
C-339074,10971,AZ,35.5663,-109.3863,04/19/09,Shrubland,Shrubland,0-5,,,,,,,,,,,,,,,,,,,,,,,,,,,<1,3.69,3.8,476,1.2,0.2,,,,0.5,0.1,49,5.4,21,<5,12.4,1.35,7.44,0.01,0.03,1.44,23.7,18,0.39,350,0.41,0.6,7.8,8.7,280,17,57.6,0.02,0.52,4.8,<0.2,1,108,<0.1,7.7,0.22,0.4,1.6,35,0.7,12.9,28,040019449013,block_group
C-351726,11156,AZ,34.0074,-109.4851,06/30/10,Forested Upland,Mixed Forest,0-5,,,,,,,,,,,,,,,,,,,,,,,,,,,<1,7.16,6,681,1.9,0.58,,,,1.88,0.3,70.7,40.8,302,<5,52.3,5.84,17.6,0.07,0.08,1.63,42.6,25,1.54,1610,1.62,1.08,38.1,86.9,1080,27.7,68.3,0.04,0.93,18.2,0.3,2.1,218,0.1,11.5,0.77,0.3,2.4,90,1.3,21.7,100,040019705021,block_group
C-351599,11191,AZ,33.279,-113.0388,07/05/10,Shrubland,Shrubland,0-5,,,,,,,,,,,,,,,,,,,,,,,,,,,<1,7.38,4.7,334,0.9,0.08,,,,6.03,0.1,35.3,43.2,172,<5,60.7,6.47,14,0.03,0.06,0.62,15.4,89,4.7,1070,0.46,1.1,5.9,140,860,10.1,21.8,0.02,0.55,27.9,<0.2,1,292,<0.1,3.5,0.56,0.2,1.1,158,0.7,18.3,94,040130506033,block_group
C-339075,11227,AZ,36.893,-111.4045,04/21/09,Shrubland,Shrubland,0-5,,,,,,,,,,,,,,,,,,,,,,,,,,,<1,1.11,2.7,242,0.3,0.04,,,,0.78,<0.1,11.3,1.4,3,<5,3.9,0.3,2.13,<0.01,<0.02,0.97,5.6,20,0.39,130,0.06,0.07,1.4,1.7,90,6.4,33,<0.01,0.13,1.5,<0.2,0.5,36.3,<0.1,1.9,0.04,0.2,0.5,8,0.2,3.7,9,040059422011,block_group
C-351728,11476,AZ,34.5013,-109.4319,07/01/10,Shrubland,Shrubland,0-5,,,,,,,,,,,,,,,,,,,,,,,,,,,<1,7.1,6.3,1040,1.5,0.17,,,,1.14,<0.1,49.9,9.9,17,5,23.9,3.34,15.9,0.02,0.03,3.16,27.3,28,0.68,448,0.93,2.4,9.5,10.5,780,19.7,106,0.02,1.6,5,<0.2,1.2,383,<0.1,10.5,0.33,0.5,2.7,85,1.1,12,72,040019703001,block_group
C-351727,11531,AZ,31.6078,-111.2356,06/24/10,Shrubland,Shrubland,0-5,,,,,,,,,,,,,,,,,,,,,,,,,,,<1,6.74,3.8,846,1.7,0.23,,,,1.28,0.1,59,9.8,19,10,24.4,2.5,14.5,0.03,0.05,1.7,31.6,32,0.92,366,0.52,0.3,11.2,10.2,390,18.8,78.3,0.04,1.03,8.2,<0.2,1.6,200,<0.1,12.2,0.29,0.5,3.2,60,1.2,22.9,49,040190043163,block_group
C-351730,11540,AZ,31.7787,-110.6447,06/23/10,Herbaceous Upland,Grasslands/Herbaceous,0-5,,,,,,,,,,,,,,,,,,,,,,,,,,,<1,5.22,5.2,764,1.3,0.38,,,,0.41,0.2,42,4.3,10,7,21.5,1.46,10.4,0.02,0.04,2.75,21.7,22,0.38,425,1.5,1.3,7.3,4.6,330,27,111,0.02,1.25,4.2,<0.2,1.2,141,0.2,9.5,0.17,0.6,2.1,29,1.8,12.5,61,040190041093,block_group
C-343352,11695,AZ,35.92,-111.7448,07/24/10,Shrubland,Shrubland,0-5,,,,,,,,,,,,,,,,,,,,,,,,,,,<1,2.45,13.8,255,0.9,0.13,,,,1.43,0.6,26.1,4.8,27,<5,11.4,1.41,5.68,0.01,0.02,1.03,17.6,15,0.73,300,1.45,0.14,4.5,12.5,840,13.6,41.4,0.03,0.63,3.8,0.5,0.9,121,<0.1,5,0.12,0.4,1.8,35,0.7,15.3,52,040050022004,block_group
C-351731,11703,AZ,34.4146,-111.789,07/15/10,Shrubland,Shrubland,0-5,,,,,,,,,,,,,,,,,,,,,,,,,,,<1,5.89,19.3,503,0.9,0.13,,,,8.84,0.3,46.5,35.9,267,9,68.7,5.78,13.6,0.02,0.07,0.78,25.7,19,4.62,1290,0.7,1.07,19.8,143,1320,9.2,29.6,0.04,5.86,23.3,0.2,1,603,<0.1,4.6,0.59,<0.1,1.4,154,0.6,17.4,81,040250015002,block_group
C-351600,11732,AZ,32.9058,-110.4145,06/28/10,Forested Upland,Deciduous Forest,0-5,,,,,,,,,,,,,,,,,,,,,,,,,,,<1,6.72,4.6,674,4.1,0.67,,,,1.12,0.5,88.6,5.5,13,14,48.5,2.13,17.7,0.04,0.07,4.01,40.6,38,0.49,620,1.37,1.5,23.4,8.6,760,35.6,185,0.04,0.81,7,0.2,2.5,173,<0.1,17,0.31,1.1,3.3,37,1.9,27,105,040099616001,block_group
C-339076,11739,AZ,35.6719,-110.9637,04/20/09,Shrubland,Shrubland,0-5,,,,,,,,,,,,,,,,,,,,,,,,,,,<1,3.66,2.8,808,1,0.07,,,,1.92,<0.1,30,3.5,9,<5,7.4,1.21,6.04,<0.01,<0.02,1.46,14.4,10,0.4,322,0.15,0.97,5.4,6.5,270,13.7,72.6,0.01,0.39,2.7,<0.2,0.6,163,<0.1,4.1,0.17,0.4,1.2,32,0.4,8.6,18,040059451004,block_group
C-343354,11951,AZ,36.6077,-111.8499,07/24/10,Shrubland,Shrubland,0-5,,,,,,,,,,,,,,,,,,,,,,,,,,,<1,3.45,7.3,364,1,0.14,,,,7.23,0.2,37.4,5.6,25,6,18.7,1.43,8.15,0.02,0.03,1.76,23.8,19,1.24,420,0.53,0.19,5.7,13.4,1610,11,62,0.03,0.53,5.1,<0.2,1.1,332,<0.1,6.9,0.16,0.4,1.8,34,0.8,19.1,38,040050020002,block_group
C-351601,11959,AZ,32.8869,-111.5453,07/06/10,Shrubland,Shrubland,0-5,,,,,,,,,,,,,,,,,,,,,,,,,,,<1,6.18,6.4,873,2.2,0.23,,,,2.67,0.1,55.1,6.2,14,6,22.2,1.85,13.1,0.01,0.03,2.91,27.8,29,0.8,402,0.6,1.73,9.5,10.8,510,22.4,119,0.03,1.17,6,<0.2,1.3,379,<0.1,9.1,0.22,0.7,1.9,44,1.6,16.3,52,040210012002,block_group
C-351603,12023,AZ,33.0139,-114.232,07/10/10,Shrubland,Shrubland,0-5,,,,,,,,,,,,,,,,,,,,,,,,,,,<1,5.83,10.1,753,2,0.23,,,,2.29,0.3,60.9,8.8,26,<5,19.6,2.37,13.3,0.02,0.05,2.43,29.4,31,1.07,450,1.11,1.58,10.5,18,780,59,93.6,0.03,1.17,8.3,<0.2,1.4,224,<0.1,10.3,0.28,0.7,2.3,55,1.8,15.8,91,040270121001,block_group
C-343351,12143,AZ,35.9776,-112.8662,07/22/10,Shrubland,Shrubland,0-5,,,,,,,,,,,,,,,,,,,,,,,,,,,<1,2.85,16.9,350,0.7,0.17,,,,6.57,0.3,45.4,8.4,29,<5,15.9,1.83,7.35,0.02,0.03,1.16,24.5,16,1.27,660,2.05,0.25,6.5,15.5,940,15.6,52.9,0.04,0.66,4.4,0.3,1.1,111,<0.1,8.5,0.16,0.3,1.9,45,1.1,13.5,49,040050023001,block_group
C-351732,12363,AZ,32.2339,-112.9053,07/08/10,Shrubland,Shrubland,0-5,,,,,,,,,,,,,,,,,,,,,,,,,,,<1,5.63,5.5,664,1.5,0.43,,,,1.85,0.2,65.5,8.7,31,5,28,2.46,13.8,0.02,0.04,2.61,34.9,25,0.86,425,0.74,1.39,11.1,15.4,740,21.2,104,0.02,1.02,6.6,<0.2,1.4,221,<0.1,11.2,0.3,0.6,2.3,62,1.3,18.3,56,040190052002,block_group
C-351733,12463,AZ,34.8974,-112.9364,07/16/10,Forested Upland,Mixed Forest,0-5,,,,,,,,,,,,,,,,,,,,,,,,,,,<1,6.33,1.8,557,2.6,0.36,,,,0.72,<0.1,111,5.5,12,10,15.5,2.34,15.7,0.02,0.06,3.61,49.3,33,0.36,884,0.61,1.86,28.8,4.2,1100,24,244,0.01,0.13,9.3,<0.2,4,133,<0.1,23.1,0.35,1.3,3.9,29,3.1,34.6,64,040250012002,block_group
C-351734,12535,AZ,34.3957,-112.954,07/13/10,Shrubland,Shrubland,0-5,,,,,,,,,,,,,,,,,,,,,,,,,,,<1,6.31,2.5,780,2.2,3.28,,,,1.53,0.1,129,17,60,<5,29.4,7.08,17.4,0.01,0.05,3.5,51.6,19,0.71,736,2.98,1.98,28.7,22.7,1030,40.6,124,0.01,0.29,11.1,<0.2,3.3,196,<0.1,20.7,0.58,0.6,4.5,143,1.1,45.9,64,040250012003,block_group
C-343360,12719,AZ,36.441,-113.5953,07/26/10,Shrubland,Shrubland,0-5,,,,,,,,,,,,,,,,,,,,,,,,,,,<1,5.63,9.4,540,1.7,0.25,,,,2.66,0.4,70.1,10.5,47,7,24.8,3.03,14.1,0.03,0.05,2.03,37,33,0.95,585,0.86,0.69,12.2,23.3,1070,20.2,97.2,0.03,0.89,8.8,0.2,1.7,152,<0.1,13.2,0.3,0.6,2.6,52,1.5,21.2,86,040159501002,block_group
C-351735,12756,AZ,34.4976,-110.9691,07/03/10,Forested Upland,Evergreen Forest,0-5,,,,,,,,,,,,,,,,,,,,,,,,,,,<1,3.55,3.4,311,1,0.16,,,,0.57,0.2,30.2,5.4,34,<5,15,1.77,6.96,0.01,0.03,1.17,16.6,21,0.48,324,0.34,0.31,6.9,19,370,12.9,40.3,0.02,0.58,5.4,<0.2,1,94.7,<0.1,4.9,0.21,0.2,0.9,38,0.7,9.2,49,040050015004,block_group
C-351604,12811,AZ,32.4501,-111.745,06/25/10,Planted/Cultivated,Fallow,0-5,,,,,,,,,,,,,,,,,,,,,,,,,,,<1,6.95,6.4,823,3.1,0.31,,,,0.75,0.2,68.6,8.8,17,8,62.6,2.3,16.6,0.01,0.05,3.14,37.6,32,0.7,510,1.9,1.3,11.6,13.8,380,27.9,141,0.02,1.7,8.5,<0.2,2.1,206,0.2,11.2,0.24,0.7,2.5,50,2.4,21.6,78,040190044251,block_group
C-351605,12820,AZ,32.5754,-110.5214,06/27/10,Shrubland,Shrubland,0-5,,,,,,,,,,,,,,,,,,,,,,,,,,,<1,6.04,5.3,565,2.4,0.83,,,,1.59,0.5,57.6,9.1,17,12,125,2.56,14.5,0.03,0.07,2.48,25.6,35,0.66,511,2.18,1.4,8.6,11.2,1050,29.8,113,0.04,1.43,8.2,0.2,1.8,262,<0.1,7.9,0.33,0.6,1.5,54,2.3,15.5,73,040210024003,block_group
C-351736,12975,AZ,35.2626,-112.4258,07/18/10,Shrubland,Shrubland,0-5,,,,,,,,,,,,,,,,,,,,,,,,,,,<1,2,6.4,220,0.6,0.29,,,,0.32,0.2,28.2,4.1,24,<5,10.9,0.91,5.06,0.04,0.02,0.76,15.3,12,0.19,332,1.07,0.24,5.5,7.5,210,17.2,38.7,0.02,0.53,2.7,0.4,0.8,53.2,<0.1,4.1,0.14,0.2,1.3,28,1,7.1,30,040050023003,block_group
C-351606,12983,AZ,33.0738,-111.9797,07/06/10,Planted/Cultivated,Fallow,0-5,,,,,,,,,,,,,,,,,,,,,,,,,,,<1,7.06,10.4,719,2.7,0.39,,,,1.4,0.3,72.3,10.5,20,12,45.5,2.51,17.1,0.01,0.05,2.67,34.6,39,0.97,633,1.13,1.24,11.1,15,640,35,133,0.03,1.75,9.7,0.2,1.8,261,<0.1,13.9,0.25,0.8,3,54,2.9,20.6,79,040210017101,block_group
C-339077,13012,AZ,33.4773,-110.851,04/27/09,Shrubland,Shrubland,0-5,,,,,,,,,,,,,,,,,,,,,,,,,,,<1,6.46,6.7,595,1.9,0.41,,,,1.83,0.3,76.8,17.7,36,7,229,4.29,14.3,0.02,0.12,1.55,36.2,22,1.04,864,5.05,1.46,9.3,28.5,1010,50.8,94.8,0.04,1.04,14.1,0.3,3,237,0.4,10.1,0.55,0.5,1.4,100,2.3,21.2,138,040070010001,block_group
