location_name,location_type,variable_name,variable_desc,collected_on,medium,value
"32.494,-109.473",point,as,,2013-09-18,soil,4.5
"32.494,-109.473",point,ba,,2013-09-18,soil,656.0
"32.494,-109.473",point,fe,,2013-09-18,soil,3.29
"32.494,-109.473",point,hg,,2013-09-18,soil,0.02
"32.494,-109.473",point,pb,,2013-09-18,soil,27.3
"35.4173,-113.2629",point,as,,2013-09-18,soil,6.2
"35.4173,-113.2629",point,ba,,2013-09-18,soil,423.0
"35.4173,-113.2629",point,fe,,2013-09-18,soil,2.01
"35.4173,-113.2629",point,hg,,2013-09-18,soil,0.02
"35.4173,-113.2629",point,pb,,2013-09-18,soil,14.5
"33.6922,-109.137",point,as,,2013-09-18,soil,2.4
"33.6922,-109.137",point,ba,,2013-09-18,soil,674.0
"33.6922,-109.137",point,fe,,2013-09-18,soil,5.39
"33.6922,-109.137",point,hg,,2013-09-18,soil,0.02
"33.6922,-109.137",point,pb,,2013-09-18,soil,13.2
"34.65,-113.3945",point,as,,2013-09-18,soil,5.4
"34.65,-113.3945",point,ba,,2013-09-18,soil,771.0
"34.65,-113.3945",point,fe,,2013-09-18,soil,4.46
"34.65,-113.3945",point,hg,,2013-09-18,soil,0.22
"34.65,-113.3945",point,pb,,2013-09-18,soil,48.0
"36.0545,-114.046",point,as,,2013-09-18,soil,5.0
"36.0545,-114.046",point,ba,,2013-09-18,soil,626.0
"36.0545,-114.046",point,fe,,2013-09-18,soil,2.39
"36.0545,-114.046",point,hg,,2013-09-18,soil,0.02
"36.0545,-114.046",point,pb,,2013-09-18,soil,24.8
"33.9395,-110.9655",point,as,,2013-09-18,soil,5.3
"33.9395,-110.9655",point,ba,,2013-09-18,soil,392.0
"33.9395,-110.9655",point,fe,,2013-09-18,soil,1.77
"33.9395,-110.9655",point,hg,,2013-09-18,soil,0.03
"33.9395,-110.9655",point,pb,,2013-09-18,soil,16.6
"31.8178,-111.5432",point,as,,2013-09-18,soil,3.3
"31.8178,-111.5432",point,ba,,2013-09-18,soil,796.0
"31.8178,-111.5432",point,fe,,2013-09-18,soil,2.67
"31.8178,-111.5432",point,hg,,2013-09-18,soil,0.02
"31.8178,-111.5432",point,pb,,2013-09-18,soil,28.7
"32.6656,-110.2759",point,as,,2013-09-18,soil,8.5
"32.6656,-110.2759",point,ba,,2013-09-18,soil,663.0
"32.6656,-110.2759",point,fe,,2013-09-18,soil,2.84
"32.6656,-110.2759",point,hg,,2013-09-18,soil,0.02
"32.6656,-110.2759",point,pb,,2013-09-18,soil,27.1
"36.0484,-112.1142",point,as,,2013-09-18,soil,26.5
"36.0484,-112.1142",point,ba,,2013-09-18,soil,362.0
"36.0484,-112.1142",point,fe,,2013-09-18,soil,2.81
"36.0484,-112.1142",point,hg,,2013-09-18,soil,0.02
"36.0484,-112.1142",point,pb,,2013-09-18,soil,18.4
"34.2212,-111.4357",point,as,,2013-09-18,soil,6.1
"34.2212,-111.4357",point,ba,,2013-09-18,soil,258.0
"34.2212,-111.4357",point,fe,,2013-09-18,soil,1.44
"34.2212,-111.4357",point,hg,,2013-09-18,soil,0.02
"34.2212,-111.4357",point,pb,,2013-09-18,soil,12.6
"32.8725,-110.5996",point,as,,2013-09-18,soil,6.1
"32.8725,-110.5996",point,ba,,2013-09-18,soil,274.0
"32.8725,-110.5996",point,fe,,2013-09-18,soil,8.4
"32.8725,-110.5996",point,hg,,2013-09-18,soil,0.01
"32.8725,-110.5996",point,pb,,2013-09-18,soil,10.2
"35.1312,-111.186",point,as,,2013-09-18,soil,5.2
"35.1312,-111.186",point,ba,,2013-09-18,soil,370.0
"35.1312,-111.186",point,fe,,2013-09-18,soil,3.14
"35.1312,-111.186",point,hg,,2013-09-18,soil,0.01
"35.1312,-111.186",point,pb,,2013-09-18,soil,22.2
"36.1275,-111.6719",point,as,,2013-09-18,soil,7.4
"36.1275,-111.6719",point,ba,,2013-09-18,soil,373.0
"36.1275,-111.6719",point,fe,,2013-09-18,soil,1.49
"36.1275,-111.6719",point,hg,,2013-09-18,soil,0.02
"36.1275,-111.6719",point,pb,,2013-09-18,soil,15.2
"32.8819,-113.0651",point,as,,2013-09-18,soil,7.2
"32.8819,-113.0651",point,ba,,2013-09-18,soil,669.0
"32.8819,-113.0651",point,fe,,2013-09-18,soil,2.43
"32.8819,-113.0651",point,hg,,2013-09-18,soil,0.01
"32.8819,-113.0651",point,pb,,2013-09-18,soil,18.8
"36.1958,-110.5837",point,as,,2013-09-18,soil,3.9
"36.1958,-110.5837",point,ba,,2013-09-18,soil,513.0
"36.1958,-110.5837",point,fe,,2013-09-18,soil,1.2
"36.1958,-110.5837",point,hg,,2013-09-18,soil,0.01
"36.1958,-110.5837",point,pb,,2013-09-18,soil,15.8
"33.3708,-114.1644",point,as,,2013-09-18,soil,6.4
"33.3708,-114.1644",point,ba,,2013-09-18,soil,850.0
"33.3708,-114.1644",point,fe,,2013-09-18,soil,2.15
"33.3708,-114.1644",point,hg,,2013-09-18,soil,0.04
"33.3708,-114.1644",point,pb,,2013-09-18,soil,20.1
"32.238,-112.7487",point,as,,2013-09-18,soil,3.4
"32.238,-112.7487",point,ba,,2013-09-18,soil,1100.0
"32.238,-112.7487",point,fe,,2013-09-18,soil,2.3
"32.238,-112.7487",point,hg,,2013-09-18,soil,0.02
"32.238,-112.7487",point,pb,,2013-09-18,soil,32.7
"31.9037,-109.6289",point,as,,2013-09-18,soil,3.5
"31.9037,-109.6289",point,ba,,2013-09-18,soil,566.0
"31.9037,-109.6289",point,fe,,2013-09-18,soil,1.9
"31.9037,-109.6289",point,hg,,2013-09-18,soil,0.01
"31.9037,-109.6289",point,pb,,2013-09-18,soil,23.9
"35.3291,-113.9767",point,as,,2013-09-18,soil,6.5
"35.3291,-113.9767",point,ba,,2013-09-18,soil,893.0
"35.3291,-113.9767",point,fe,,2013-09-18,soil,3.15
"35.3291,-113.9767",point,hg,,2013-09-18,soil,0.02
"35.3291,-113.9767",point,pb,,2013-09-18,soil,25.7
"34.7168,-109.0718",point,as,,2013-09-18,soil,2.6
"34.7168,-109.0718",point,ba,,2013-09-18,soil,686.0
"34.7168,-109.0718",point,fe,,2013-09-18,soil,1.41
"34.7168,-109.0718",point,hg,,2013-09-18,soil,0.01
"34.7168,-109.0718",point,pb,,2013-09-18,soil,16.1
"33.9985,-113.1254",point,as,,2013-09-18,soil,8.5
"33.9985,-113.1254",point,ba,,2013-09-18,soil,793.0
"33.9985,-113.1254",point,fe,,2013-09-18,soil,2.55
"33.9985,-113.1254",point,hg,,2013-09-18,soil,0.01
"33.9985,-113.1254",point,pb,,2013-09-18,soil,26.1
"34.8209,-111.4247",point,as,,2013-09-18,soil,4.8
"34.8209,-111.4247",point,ba,,2013-09-18,soil,878.0
"34.8209,-111.4247",point,fe,,2013-09-18,soil,5.15
"34.8209,-111.4247",point,hg,,2013-09-18,soil,0.03
"34.8209,-111.4247",point,pb,,2013-09-18,soil,22.2
"32.8398,-112.0322",point,as,,2013-09-18,soil,3.4
"32.8398,-112.0322",point,ba,,2013-09-18,soil,593.0
"32.8398,-112.0322",point,fe,,2013-09-18,soil,3.03
"32.8398,-112.0322",point,hg,,2013-09-18,soil,0.01
"32.8398,-112.0322",point,pb,,2013-09-18,soil,18.8
"32.5819,-110.8467",point,as,,2013-09-18,soil,3.5
"32.5819,-110.8467",point,ba,,2013-09-18,soil,582.0
"32.5819,-110.8467",point,fe,,2013-09-18,soil,4.8
"32.5819,-110.8467",point,hg,,2013-09-18,soil,0.02
"32.5819,-110.8467",point,pb,,2013-09-18,soil,36.2
"34.8367,-112.6186",point,as,,2013-09-18,soil,4.4
"34.8367,-112.6186",point,ba,,2013-09-18,soil,707.0
"34.8367,-112.6186",point,fe,,2013-09-18,soil,2.62
"34.8367,-112.6186",point,hg,,2013-09-18,soil,0.02
"34.8367,-112.6186",point,pb,,2013-09-18,soil,31.7
"33.697,-112.1444",point,as,,2013-09-18,soil,8.5
"33.697,-112.1444",point,ba,,2013-09-18,soil,833.0
"33.697,-112.1444",point,fe,,2013-09-18,soil,3.52
"33.697,-112.1444",point,hg,,2013-09-18,soil,0.01
"33.697,-112.1444",point,pb,,2013-09-18,soil,19.1
"33.5679,-111.2353",point,as,,2013-09-18,soil,8.1
"33.5679,-111.2353",point,ba,,2013-09-18,soil,365.0
"33.5679,-111.2353",point,fe,,2013-09-18,soil,3.06
"33.5679,-111.2353",point,hg,,2013-09-18,soil,0.02
"33.5679,-111.2353",point,pb,,2013-09-18,soil,106.0
"35.888,-109.269",point,as,,2013-09-18,soil,3.0
"35.888,-109.269",point,ba,,2013-09-18,soil,449.0
"35.888,-109.269",point,fe,,2013-09-18,soil,1.29
"35.888,-109.269",point,hg,,2013-09-18,soil,0.02
"35.888,-109.269",point,pb,,2013-09-18,soil,24.1
"33.3278,-113.6826",point,as,,2013-09-18,soil,10.5
"33.3278,-113.6826",point,ba,,2013-09-18,soil,733.0
"33.3278,-113.6826",point,fe,,2013-09-18,soil,2.6
"33.3278,-113.6826",point,hg,,2013-09-18,soil,0.03
"33.3278,-113.6826",point,pb,,2013-09-18,soil,28.0
"36.5836,-111.6553",point,as,,2013-09-18,soil,6.7
"36.5836,-111.6553",point,ba,,2013-09-18,soil,396.0
"36.5836,-111.6553",point,fe,,2013-09-18,soil,1.21
"36.5836,-111.6553",point,hg,,2013-09-18,soil,0.02
"36.5836,-111.6553",point,pb,,2013-09-18,soil,20.1
"36.4215,-109.7194",point,as,,2013-09-18,soil,3.8
"36.4215,-109.7194",point,ba,,2013-09-18,soil,445.0
"36.4215,-109.7194",point,fe,,2013-09-18,soil,1.08
"36.4215,-109.7194",point,pb,,2013-09-18,soil,11.7
"34.9314,-114.0406",point,as,,2013-09-18,soil,2.8
"34.9314,-114.0406",point,ba,,2013-09-18,soil,669.0
"34.9314,-114.0406",point,fe,,2013-09-18,soil,4.28
"34.9314,-114.0406",point,hg,,2013-09-18,soil,0.01
"34.9314,-114.0406",point,pb,,2013-09-18,soil,23.0
"33.6462,-113.9748",point,as,,2013-09-18,soil,6.5
"33.6462,-113.9748",point,ba,,2013-09-18,soil,722.0
"33.6462,-113.9748",point,fe,,2013-09-18,soil,2.63
"33.6462,-113.9748",point,hg,,2013-09-18,soil,0.01
"33.6462,-113.9748",point,pb,,2013-09-18,soil,20.1
"32.0223,-109.9066",point,as,,2013-09-18,soil,5.3
"32.0223,-109.9066",point,ba,,2013-09-18,soil,493.0
"32.0223,-109.9066",point,fe,,2013-09-18,soil,2.38
"32.0223,-109.9066",point,hg,,2013-09-18,soil,0.02
"32.0223,-109.9066",point,pb,,2013-09-18,soil,31.8
"35.4001,-112.8341",point,as,,2013-09-18,soil,4.2
"35.4001,-112.8341",point,ba,,2013-09-18,soil,314.0
"35.4001,-112.8341",point,fe,,2013-09-18,soil,1.25
"35.4001,-112.8341",point,hg,,2013-09-18,soil,0.02
"35.4001,-112.8341",point,pb,,2013-09-18,soil,12.4
"34.4979,-112.2633",point,as,,2013-09-18,soil,32.0
"34.4979,-112.2633",point,ba,,2013-09-18,soil,350.0
"34.4979,-112.2633",point,fe,,2013-09-18,soil,8.0
"34.4979,-112.2633",point,hg,,2013-09-18,soil,0.07
"34.4979,-112.2633",point,pb,,2013-09-18,soil,24.0
"34.29,-110.0268",point,as,,2013-09-18,soil,7.2
"34.29,-110.0268",point,ba,,2013-09-18,soil,581.0
"34.29,-110.0268",point,fe,,2013-09-18,soil,3.83
"34.29,-110.0268",point,hg,,2013-09-18,soil,0.01
"34.29,-110.0268",point,pb,,2013-09-18,soil,23.0
"35.8665,-110.3012",point,as,,2013-09-18,soil,3.0
"35.8665,-110.3012",point,ba,,2013-09-18,soil,543.0
"35.8665,-110.3012",point,fe,,2013-09-18,soil,1.09
"35.8665,-110.3012",point,hg,,2013-09-18,soil,0.01
"35.8665,-110.3012",point,pb,,2013-09-18,soil,16.6
"32.2494,-111.2777",point,as,,2013-09-18,soil,3.6
"32.2494,-111.2777",point,ba,,2013-09-18,soil,825.0
"32.2494,-111.2777",point,fe,,2013-09-18,soil,2.25
"32.2494,-111.2777",point,hg,,2013-09-18,soil,0.02
"32.2494,-111.2777",point,pb,,2013-09-18,soil,24.8
"32.9946,-112.5225",point,as,,2013-09-18,soil,4.0
"32.9946,-112.5225",point,ba,,2013-09-18,soil,594.0
"32.9946,-112.5225",point,fe,,2013-09-18,soil,2.95
"32.9946,-112.5225",point,hg,,2013-09-18,soil,0.01
"32.9946,-112.5225",point,pb,,2013-09-18,soil,20.4
"33.1454,-110.0484",point,as,,2013-09-18,soil,2.7
"33.1454,-110.0484",point,ba,,2013-09-18,soil,876.0
"33.1454,-110.0484",point,fe,,2013-09-18,soil,3.33
"33.1454,-110.0484",point,hg,,2013-09-18,soil,0.02
"33.1454,-110.0484",point,pb,,2013-09-18,soil,23.8
"36.2341,-109.6102",point,as,,2013-09-18,soil,4.1
"36.2341,-109.6102",point,ba,,2013-09-18,soil,446.0
"36.2341,-109.6102",point,fe,,2013-09-18,soil,1.47
"36.2341,-109.6102",point,hg,,2013-09-18,soil,0.01
"36.2341,-109.6102",point,pb,,2013-09-18,soil,13.4
"33.5137,-109.3169",point,as,,2013-09-18,soil,5.6
"33.5137,-109.3169",point,ba,,2013-09-18,soil,1010.0
"33.5137,-109.3169",point,fe,,2013-09-18,soil,5.72
"33.5137,-109.3169",point,hg,,2013-09-18,soil,0.05
"33.5137,-109.3169",point,pb,,2013-09-18,soil,26.9
"32.7395,-113.7392",point,as,,2013-09-18,soil,4.6
"32.7395,-113.7392",point,ba,,2013-09-18,soil,658.0
"32.7395,-113.7392",point,fe,,2013-09-18,soil,2.54
"32.7395,-113.7392",point,hg,,2013-09-18,soil,0.01
"32.7395,-113.7392",point,pb,,2013-09-18,soil,16.0
"36.815,-110.6109",point,as,,2013-09-18,soil,1.6
"36.815,-110.6109",point,ba,,2013-09-18,soil,332.0
"36.815,-110.6109",point,fe,,2013-09-18,soil,0.34
"36.815,-110.6109",point,pb,,2013-09-18,soil,9.1
"36.5602,-113.9153",point,as,,2013-09-18,soil,4.7
"36.5602,-113.9153",point,ba,,2013-09-18,soil,368.0
"36.5602,-113.9153",point,fe,,2013-09-18,soil,1.76
"36.5602,-113.9153",point,hg,,2013-09-18,soil,0.02
"36.5602,-113.9153",point,pb,,2013-09-18,soil,15.7
"34.1288,-109.7972",point,as,,2013-09-18,soil,7.8
"34.1288,-109.7972",point,ba,,2013-09-18,soil,510.0
"34.1288,-109.7972",point,fe,,2013-09-18,soil,4.96
"34.1288,-109.7972",point,hg,,2013-09-18,soil,0.06
"34.1288,-109.7972",point,pb,,2013-09-18,soil,30.0
"31.968,-110.425",point,as,,2013-09-18,soil,1.8
"31.968,-110.425",point,ba,,2013-09-18,soil,503.0
"31.968,-110.425",point,fe,,2013-09-18,soil,1.07
"31.968,-110.425",point,hg,,2013-09-18,soil,0.01
"31.968,-110.425",point,pb,,2013-09-18,soil,25.1
"35.4564,-111.5563",point,as,,2013-09-18,soil,6.4
"35.4564,-111.5563",point,ba,,2013-09-18,soil,776.0
"35.4564,-111.5563",point,fe,,2013-09-18,soil,4.28
"35.4564,-111.5563",point,hg,,2013-09-18,soil,0.02
"35.4564,-111.5563",point,pb,,2013-09-18,soil,22.6
"34.2702,-112.6503",point,as,,2013-09-18,soil,11.0
"34.2702,-112.6503",point,ba,,2013-09-18,soil,297.0
"34.2702,-112.6503",point,fe,,2013-09-18,soil,8.27
"34.2702,-112.6503",point,hg,,2013-09-18,soil,0.03
"34.2702,-112.6503",point,pb,,2013-09-18,soil,11.1
"32.8545,-110.3405",point,as,,2013-09-18,soil,4.0
"32.8545,-110.3405",point,ba,,2013-09-18,soil,428.0
"32.8545,-110.3405",point,fe,,2013-09-18,soil,3.43
"32.8545,-110.3405",point,hg,,2013-09-18,soil,0.01
"32.8545,-110.3405",point,pb,,2013-09-18,soil,123.0
"35.9212,-111.1544",point,as,,2013-09-18,soil,2.3
"35.9212,-111.1544",point,ba,,2013-09-18,soil,442.0
"35.9212,-111.1544",point,fe,,2013-09-18,soil,0.94
"35.9212,-111.1544",point,hg,,2013-09-18,soil,0.01
"35.9212,-111.1544",point,pb,,2013-09-18,soil,11.7
"36.5035,-112.9884",point,as,,2013-09-18,soil,4.3
"36.5035,-112.9884",point,ba,,2013-09-18,soil,289.0
"36.5035,-112.9884",point,fe,,2013-09-18,soil,1.49
"36.5035,-112.9884",point,hg,,2013-09-18,soil,0.02
"36.5035,-112.9884",point,pb,,2013-09-18,soil,13.1
"33.7309,-111.5135",point,as,,2013-09-18,soil,4.6
"33.7309,-111.5135",point,ba,,2013-09-18,soil,559.0
"33.7309,-111.5135",point,fe,,2013-09-18,soil,12.7
"33.7309,-111.5135",point,hg,,2013-09-18,soil,0.02
"33.7309,-111.5135",point,pb,,2013-09-18,soil,37.7
"32.6675,-113.9883",point,as,,2013-09-18,soil,3.1
"32.6675,-113.9883",point,ba,,2013-09-18,soil,831.0
"32.6675,-113.9883",point,fe,,2013-09-18,soil,2.16
"32.6675,-113.9883",point,hg,,2013-09-18,soil,0.01
"32.6675,-113.9883",point,pb,,2013-09-18,soil,20.0
"33.2897,-109.4032",point,as,,2013-09-18,soil,4.7
"33.2897,-109.4032",point,ba,,2013-09-18,soil,1300.0
"33.2897,-109.4032",point,fe,,2013-09-18,soil,4.71
"33.2897,-109.4032",point,hg,,2013-09-18,soil,0.03
"33.2897,-109.4032",point,pb,,2013-09-18,soil,21.2
"33.466,-112.9377",point,as,,2013-09-18,soil,7.9
"33.466,-112.9377",point,ba,,2013-09-18,soil,709.0
"33.466,-112.9377",point,fe,,2013-09-18,soil,2.82
"33.466,-112.9377",point,hg,,2013-09-18,soil,0.02
"33.466,-112.9377",point,pb,,2013-09-18,soil,21.3
"36.7194,-109.4202",point,as,,2013-09-18,soil,7.1
"36.7194,-109.4202",point,ba,,2013-09-18,soil,396.0
"36.7194,-109.4202",point,fe,,2013-09-18,soil,0.71
"36.7194,-109.4202",point,hg,,2013-09-18,soil,0.01
"36.7194,-109.4202",point,pb,,2013-09-18,soil,11.6
"32.3599,-109.5721",point,as,,2013-09-18,soil,3.9
"32.3599,-109.5721",point,ba,,2013-09-18,soil,614.0
"32.3599,-109.5721",point,fe,,2013-09-18,soil,2.68
"32.3599,-109.5721",point,hg,,2013-09-18,soil,0.01
"32.3599,-109.5721",point,pb,,2013-09-18,soil,28.5
"35.0858,-113.6456",point,as,,2013-09-18,soil,6.6
"35.0858,-113.6456",point,ba,,2013-09-18,soil,924.0
"35.0858,-113.6456",point,fe,,2013-09-18,soil,3.92
"35.0858,-113.6456",point,hg,,2013-09-18,soil,0.01
"35.0858,-113.6456",point,pb,,2013-09-18,soil,26.3
"34.3823,-113.1592",point,as,,2013-09-18,soil,3.5
"34.3823,-113.1592",point,ba,,2013-09-18,soil,679.0
"34.3823,-113.1592",point,fe,,2013-09-18,soil,3.24
"34.3823,-113.1592",point,hg,,2013-09-18,soil,0.01
"34.3823,-113.1592",point,pb,,2013-09-18,soil,28.8
"36.1222,-113.504",point,as,,2013-09-18,soil,7.2
"36.1222,-113.504",point,ba,,2013-09-18,soil,672.0
"36.1222,-113.504",point,fe,,2013-09-18,soil,4.75
"36.1222,-113.504",point,hg,,2013-09-18,soil,0.03
"36.1222,-113.504",point,pb,,2013-09-18,soil,18.8
"34.2831,-111.0694",point,as,,2013-09-18,soil,12.5
"34.2831,-111.0694",point,ba,,2013-09-18,soil,489.0
"34.2831,-111.0694",point,fe,,2013-09-18,soil,1.66
"34.2831,-111.0694",point,hg,,2013-09-18,soil,0.04
"34.2831,-111.0694",point,pb,,2013-09-18,soil,37.0
"33.9415,-114.2117",point,as,,2013-09-18,soil,2.8
"33.9415,-114.2117",point,ba,,2013-09-18,soil,507.0
"33.9415,-114.2117",point,fe,,2013-09-18,soil,1.36
"33.9415,-114.2117",point,hg,,2013-09-18,soil,0.01
"33.9415,-114.2117",point,pb,,2013-09-18,soil,13.5
"32.1282,-111.1335",point,as,,2013-09-18,soil,2.5
"32.1282,-111.1335",point,ba,,2013-09-18,soil,827.0
"32.1282,-111.1335",point,fe,,2013-09-18,soil,1.63
"32.1282,-111.1335",point,hg,,2013-09-18,soil,0.01
"32.1282,-111.1335",point,pb,,2013-09-18,soil,23.1
"32.5569,-109.7487",point,as,,2013-09-18,soil,2.1
"32.5569,-109.7487",point,ba,,2013-09-18,soil,479.0
"32.5569,-109.7487",point,fe,,2013-09-18,soil,2.37
"32.5569,-109.7487",point,hg,,2013-09-18,soil,0.01
"32.5569,-109.7487",point,pb,,2013-09-18,soil,26.1
"35.0001,-112.3534",point,as,,2013-09-18,soil,7.5
"35.0001,-112.3534",point,ba,,2013-09-18,soil,606.0
"35.0001,-112.3534",point,fe,,2013-09-18,soil,4.28
"35.0001,-112.3534",point,hg,,2013-09-18,soil,0.02
"35.0001,-112.3534",point,pb,,2013-09-18,soil,19.1
"33.9148,-111.3122",point,as,,2013-09-18,soil,12.8
"33.9148,-111.3122",point,ba,,2013-09-18,soil,494.0
"33.9148,-111.3122",point,fe,,2013-09-18,soil,2.95
"33.9148,-111.3122",point,hg,,2013-09-18,soil,0.02
"33.9148,-111.3122",point,pb,,2013-09-18,soil,15.9
"33.331,-110.845",point,as,,2013-09-18,soil,8.7
"33.331,-110.845",point,ba,,2013-09-18,soil,666.0
"33.331,-110.845",point,fe,,2013-09-18,soil,3.83
"33.331,-110.845",point,hg,,2013-09-18,soil,0.04
"33.331,-110.845",point,pb,,2013-09-18,soil,27.1
"35.0903,-110.9392",point,as,,2013-09-18,soil,5.1
"35.0903,-110.9392",point,ba,,2013-09-18,soil,358.0
"35.0903,-110.9392",point,fe,,2013-09-18,soil,2.52
"35.0903,-110.9392",point,hg,,2013-09-18,soil,0.01
"35.0903,-110.9392",point,pb,,2013-09-18,soil,12.1
"36.5298,-112.2219",point,as,,2013-09-18,soil,7.2
"36.5298,-112.2219",point,ba,,2013-09-18,soil,303.0
"36.5298,-112.2219",point,fe,,2013-09-18,soil,1.49
"36.5298,-112.2219",point,hg,,2013-09-18,soil,0.02
"36.5298,-112.2219",point,pb,,2013-09-18,soil,16.1
"32.4347,-112.6576",point,as,,2013-09-18,soil,4.2
"32.4347,-112.6576",point,ba,,2013-09-18,soil,830.0
"32.4347,-112.6576",point,fe,,2013-09-18,soil,3.12
"32.4347,-112.6576",point,hg,,2013-09-18,soil,0.02
"32.4347,-112.6576",point,pb,,2013-09-18,soil,20.3
"36.5103,-110.4363",point,as,,2013-09-18,soil,5.7
"36.5103,-110.4363",point,ba,,2013-09-18,soil,722.0
"36.5103,-110.4363",point,fe,,2013-09-18,soil,1.47
"36.5103,-110.4363",point,hg,,2013-09-18,soil,0.01
"36.5103,-110.4363",point,pb,,2013-09-18,soil,21.4
"31.977,-112.7736",point,as,,2013-09-18,soil,3.3
"31.977,-112.7736",point,ba,,2013-09-18,soil,978.0
"31.977,-112.7736",point,fe,,2013-09-18,soil,2.72
"31.977,-112.7736",point,hg,,2013-09-18,soil,0.03
"31.977,-112.7736",point,pb,,2013-09-18,soil,23.1
"31.8648,-109.3575",point,as,,2013-09-18,soil,3.2
"31.8648,-109.3575",point,ba,,2013-09-18,soil,637.0
"31.8648,-109.3575",point,fe,,2013-09-18,soil,2.44
"31.8648,-109.3575",point,hg,,2013-09-18,soil,0.05
"31.8648,-109.3575",point,pb,,2013-09-18,soil,44.0
"35.7384,-114.0204",point,as,,2013-09-18,soil,6.8
"35.7384,-114.0204",point,ba,,2013-09-18,soil,711.0
"35.7384,-114.0204",point,fe,,2013-09-18,soil,4.27
"35.7384,-114.0204",point,hg,,2013-09-18,soil,0.01
"35.7384,-114.0204",point,pb,,2013-09-18,soil,21.7
"34.7906,-109.8947",point,as,,2013-09-18,soil,2.2
"34.7906,-109.8947",point,ba,,2013-09-18,soil,872.0
"34.7906,-109.8947",point,fe,,2013-09-18,soil,2.93
"34.7906,-109.8947",point,hg,,2013-09-18,soil,0.01
"34.7906,-109.8947",point,pb,,2013-09-18,soil,19.8
"33.7621,-113.2524",point,as,,2013-09-18,soil,4.9
"33.7621,-113.2524",point,ba,,2013-09-18,soil,691.0
"33.7621,-113.2524",point,fe,,2013-09-18,soil,3.49
"33.7621,-113.2524",point,hg,,2013-09-18,soil,0.03
"33.7621,-113.2524",point,pb,,2013-09-18,soil,21.5
"36.7351,-114.0408",point,as,,2013-09-18,soil,5.5
"36.7351,-114.0408",point,ba,,2013-09-18,soil,545.0
"36.7351,-114.0408",point,fe,,2013-09-18,soil,3.87
"36.7351,-114.0408",point,hg,,2013-09-18,soil,0.02
"36.7351,-114.0408",point,pb,,2013-09-18,soil,20.0
"34.8053,-110.6384",point,as,,2013-09-18,soil,4.2
"34.8053,-110.6384",point,ba,,2013-09-18,soil,258.0
"34.8053,-110.6384",point,fe,,2013-09-18,soil,1.63
"34.8053,-110.6384",point,hg,,2013-09-18,soil,0.01
"34.8053,-110.6384",point,pb,,2013-09-18,soil,11.3
"36.1669,-110.6183",point,as,,2013-09-18,soil,3.5
"36.1669,-110.6183",point,ba,,2013-09-18,soil,562.0
"36.1669,-110.6183",point,fe,,2013-09-18,soil,1.55
"36.1669,-110.6183",point,hg,,2013-09-18,soil,0.01
"36.1669,-110.6183",point,pb,,2013-09-18,soil,16.9
"31.5418,-111.5487",point,as,,2013-09-18,soil,3.0
"31.5418,-111.5487",point,ba,,2013-09-18,soil,848.0
"31.5418,-111.5487",point,fe,,2013-09-18,soil,2.12
"31.5418,-111.5487",point,hg,,2013-09-18,soil,0.02
"31.5418,-111.5487",point,pb,,2013-09-18,soil,26.2
"36.0908,-112.6981",point,as,,2013-09-18,soil,6.8
"36.0908,-112.6981",point,ba,,2013-09-18,soil,443.0
"36.0908,-112.6981",point,fe,,2013-09-18,soil,2.24
"36.0908,-112.6981",point,hg,,2013-09-18,soil,0.03
"36.0908,-112.6981",point,pb,,2013-09-18,soil,16.3
"33.6593,-112.596",point,as,,2013-09-18,soil,3.0
"33.6593,-112.596",point,ba,,2013-09-18,soil,759.0
"33.6593,-112.596",point,fe,,2013-09-18,soil,2.68
"33.6593,-112.596",point,hg,,2013-09-18,soil,0.01
"33.6593,-112.596",point,pb,,2013-09-18,soil,14.9
"33.5604,-110.6783",point,as,,2013-09-18,soil,2.7
"33.5604,-110.6783",point,ba,,2013-09-18,soil,232.0
"33.5604,-110.6783",point,fe,,2013-09-18,soil,9.36
"33.5604,-110.6783",point,hg,,2013-09-18,soil,0.01
"33.5604,-110.6783",point,pb,,2013-09-18,soil,6.3
"36.1781,-109.0773",point,as,,2013-09-18,soil,3.9
"36.1781,-109.0773",point,ba,,2013-09-18,soil,740.0
"36.1781,-109.0773",point,fe,,2013-09-18,soil,0.91
"36.1781,-109.0773",point,hg,,2013-09-18,soil,0.01
"36.1781,-109.0773",point,pb,,2013-09-18,soil,17.5
"33.3547,-113.6916",point,as,,2013-09-18,soil,13.8
"33.3547,-113.6916",point,ba,,2013-09-18,soil,580.0
"33.3547,-113.6916",point,fe,,2013-09-18,soil,3.11
"33.3547,-113.6916",point,hg,,2013-09-18,soil,0.03
"33.3547,-113.6916",point,pb,,2013-09-18,soil,19.2
"36.1603,-111.3842",point,as,,2013-09-18,soil,4.1
"36.1603,-111.3842",point,ba,,2013-09-18,soil,843.0
"36.1603,-111.3842",point,fe,,2013-09-18,soil,1.39
"36.1603,-111.3842",point,hg,,2013-09-18,soil,0.01
"36.1603,-111.3842",point,pb,,2013-09-18,soil,14.5
"34.9656,-113.7029",point,as,,2013-09-18,soil,4.7
"34.9656,-113.7029",point,ba,,2013-09-18,soil,719.0
"34.9656,-113.7029",point,fe,,2013-09-18,soil,3.81
"34.9656,-113.7029",point,hg,,2013-09-18,soil,0.02
"34.9656,-113.7029",point,pb,,2013-09-18,soil,26.6
"33.7672,-113.5579",point,as,,2013-09-18,soil,6.2
"33.7672,-113.5579",point,ba,,2013-09-18,soil,775.0
"33.7672,-113.5579",point,fe,,2013-09-18,soil,3.11
"33.7672,-113.5579",point,hg,,2013-09-18,soil,0.01
"33.7672,-113.5579",point,pb,,2013-09-18,soil,26.7
"31.7555,-109.7459",point,as,,2013-09-18,soil,6.0
"31.7555,-109.7459",point,ba,,2013-09-18,soil,758.0
"31.7555,-109.7459",point,fe,,2013-09-18,soil,2.28
"31.7555,-109.7459",point,hg,,2013-09-18,soil,0.02
"31.7555,-109.7459",point,pb,,2013-09-18,soil,39.9
"35.7672,-112.8131",point,as,,2013-09-18,soil,6.8
"35.7672,-112.8131",point,ba,,2013-09-18,soil,514.0
"35.7672,-112.8131",point,fe,,2013-09-18,soil,2.23
"35.7672,-112.8131",point,hg,,2013-09-18,soil,0.03
"35.7672,-112.8131",point,pb,,2013-09-18,soil,22.0
"33.8049,-112.0351",point,as,,2013-09-18,soil,7.7
"33.8049,-112.0351",point,ba,,2013-09-18,soil,667.0
"33.8049,-112.0351",point,fe,,2013-09-18,soil,3.46
"33.8049,-112.0351",point,hg,,2013-09-18,soil,0.02
"33.8049,-112.0351",point,pb,,2013-09-18,soil,21.9
"34.302,-110.3482",point,as,,2013-09-18,soil,6.0
"34.302,-110.3482",point,ba,,2013-09-18,soil,189.0
"34.302,-110.3482",point,fe,,2013-09-18,soil,0.75
"34.302,-110.3482",point,hg,,2013-09-18,soil,0.02
"34.302,-110.3482",point,pb,,2013-09-18,soil,14.1
"35.4736,-110.6492",point,as,,2013-09-18,soil,2.7
"35.4736,-110.6492",point,ba,,2013-09-18,soil,567.0
"35.4736,-110.6492",point,fe,,2013-09-18,soil,0.77
"35.4736,-110.6492",point,pb,,2013-09-18,soil,9.9
"32.2922,-111.347",point,as,,2013-09-18,soil,6.5
"32.2922,-111.347",point,ba,,2013-09-18,soil,751.0
"32.2922,-111.347",point,fe,,2013-09-18,soil,2.74
"32.2922,-111.347",point,hg,,2013-09-18,soil,0.03
"32.2922,-111.347",point,pb,,2013-09-18,soil,28.9
"32.8121,-112.3241",point,as,,2013-09-18,soil,4.8
"32.8121,-112.3241",point,ba,,2013-09-18,soil,508.0
"32.8121,-112.3241",point,fe,,2013-09-18,soil,2.53
"32.8121,-112.3241",point,hg,,2013-09-18,soil,0.02
"32.8121,-112.3241",point,pb,,2013-09-18,soil,16.8
"35.602,-109.7411",point,as,,2013-09-18,soil,3.0
"35.602,-109.7411",point,ba,,2013-09-18,soil,783.0
"35.602,-109.7411",point,fe,,2013-09-18,soil,1.2
"35.602,-109.7411",point,hg,,2013-09-18,soil,0.01
"35.602,-109.7411",point,pb,,2013-09-18,soil,15.3
"33.8263,-109.4923",point,as,,2013-09-18,soil,7.1
"33.8263,-109.4923",point,ba,,2013-09-18,soil,988.0
"33.8263,-109.4923",point,fe,,2013-09-18,soil,5.15
"33.8263,-109.4923",point,hg,,2013-09-18,soil,0.08
"33.8263,-109.4923",point,pb,,2013-09-18,soil,34.4
"32.8427,-113.4354",point,as,,2013-09-18,soil,5.1
"32.8427,-113.4354",point,ba,,2013-09-18,soil,825.0
"32.8427,-113.4354",point,fe,,2013-09-18,soil,1.98
"32.8427,-113.4354",point,hg,,2013-09-18,soil,0.01
"32.8427,-113.4354",point,pb,,2013-09-18,soil,18.6
"36.9501,-113.7958",point,as,,2013-09-18,soil,3.4
"36.9501,-113.7958",point,ba,,2013-09-18,soil,386.0
"36.9501,-113.7958",point,fe,,2013-09-18,soil,1.13
"36.9501,-113.7958",point,hg,,2013-09-18,soil,0.01
"36.9501,-113.7958",point,pb,,2013-09-18,soil,8.5
"34.5154,-109.7206",point,as,,2013-09-18,soil,5.3
"34.5154,-109.7206",point,ba,,2013-09-18,soil,461.0
"34.5154,-109.7206",point,fe,,2013-09-18,soil,2.71
"34.5154,-109.7206",point,hg,,2013-09-18,soil,0.02
"34.5154,-109.7206",point,pb,,2013-09-18,soil,20.3
"31.843,-110.96",point,as,,2013-09-18,soil,9.1
"31.843,-110.96",point,ba,,2013-09-18,soil,801.0
"31.843,-110.96",point,fe,,2013-09-18,soil,3.16
"31.843,-110.96",point,hg,,2013-09-18,soil,0.01
"31.843,-110.96",point,pb,,2013-09-18,soil,28.8
"34.9623,-112.1353",point,as,,2013-09-18,soil,6.3
"34.9623,-112.1353",point,ba,,2013-09-18,soil,510.0
"34.9623,-112.1353",point,fe,,2013-09-18,soil,3.62
"34.9623,-112.1353",point,hg,,2013-09-18,soil,0.02
"34.9623,-112.1353",point,pb,,2013-09-18,soil,14.5
"34.7421,-111.7904",point,as,,2013-09-18,soil,29.1
"34.7421,-111.7904",point,ba,,2013-09-18,soil,568.0
"34.7421,-111.7904",point,fe,,2013-09-18,soil,8.38
"34.7421,-111.7904",point,hg,,2013-09-18,soil,0.02
"34.7421,-111.7904",point,pb,,2013-09-18,soil,161.0
"32.788,-109.7726",point,as,,2013-09-18,soil,1.1
"32.788,-109.7726",point,ba,,2013-09-18,soil,466.0
"32.788,-109.7726",point,fe,,2013-09-18,soil,3.43
"32.788,-109.7726",point,hg,,2013-09-18,soil,0.02
"32.788,-109.7726",point,pb,,2013-09-18,soil,19.4
"36.0181,-111.1126",point,as,,2013-09-18,soil,1.7
"36.0181,-111.1126",point,ba,,2013-09-18,soil,419.0
"36.0181,-111.1126",point,fe,,2013-09-18,soil,0.64
"36.0181,-111.1126",point,pb,,2013-09-18,soil,12.7
"36.991,-112.867",point,as,,2013-09-18,soil,2.6
"36.991,-112.867",point,ba,,2013-09-18,soil,259.0
"36.991,-112.867",point,fe,,2013-09-18,soil,0.41
"36.991,-112.867",point,pb,,2013-09-18,soil,8.8
"32.5669,-111.758",point,as,,2013-09-18,soil,4.3
"32.5669,-111.758",point,ba,,2013-09-18,soil,981.0
"32.5669,-111.758",point,fe,,2013-09-18,soil,1.78
"32.5669,-111.758",point,hg,,2013-09-18,soil,0.01
"32.5669,-111.758",point,pb,,2013-09-18,soil,25.9
"35.3809,-109.0848",point,as,,2013-09-18,soil,7.6
"35.3809,-109.0848",point,ba,,2013-09-18,soil,588.0
"35.3809,-109.0848",point,fe,,2013-09-18,soil,2.42
"35.3809,-109.0848",point,hg,,2013-09-18,soil,0.01
"35.3809,-109.0848",point,pb,,2013-09-18,soil,18.9
"32.5386,-114.5792",point,as,,2013-09-18,soil,5.2
"32.5386,-114.5792",point,ba,,2013-09-18,soil,499.0
"32.5386,-114.5792",point,fe,,2013-09-18,soil,0.93
"32.5386,-114.5792",point,pb,,2013-09-18,soil,11.1
"33.0267,-109.2619",point,as,,2013-09-18,soil,5.5
"33.0267,-109.2619",point,ba,,2013-09-18,soil,593.0
"33.0267,-109.2619",point,fe,,2013-09-18,soil,4.17
"33.0267,-109.2619",point,hg,,2013-09-18,soil,0.03
"33.0267,-109.2619",point,pb,,2013-09-18,soil,24.5
"34.4796,-114.2055",point,as,,2013-09-18,soil,6.6
"34.4796,-114.2055",point,ba,,2013-09-18,soil,686.0
"34.4796,-114.2055",point,fe,,2013-09-18,soil,4.72
"34.4796,-114.2055",point,hg,,2013-09-18,soil,0.02
"34.4796,-114.2055",point,pb,,2013-09-18,soil,40.6
"35.2804,-112.9266",point,as,,2013-09-18,soil,3.3
"35.2804,-112.9266",point,ba,,2013-09-18,soil,222.0
"35.2804,-112.9266",point,fe,,2013-09-18,soil,0.91
"35.2804,-112.9266",point,hg,,2013-09-18,soil,0.02
"35.2804,-112.9266",point,pb,,2013-09-18,soil,9.7
"34.7547,-113.0005",point,as,,2013-09-18,soil,5.8
"34.7547,-113.0005",point,ba,,2013-09-18,soil,642.0
"34.7547,-113.0005",point,fe,,2013-09-18,soil,2.96
"34.7547,-113.0005",point,hg,,2013-09-18,soil,0.02
"34.7547,-113.0005",point,pb,,2013-09-18,soil,20.5
"36.1319,-113.596",point,as,,2013-09-18,soil,6.8
"36.1319,-113.596",point,ba,,2013-09-18,soil,510.0
"36.1319,-113.596",point,fe,,2013-09-18,soil,2.06
"36.1319,-113.596",point,hg,,2013-09-18,soil,0.04
"36.1319,-113.596",point,pb,,2013-09-18,soil,18.7
"34.691,-111.1113",point,as,,2013-09-18,soil,4.7
"34.691,-111.1113",point,ba,,2013-09-18,soil,355.0
"34.691,-111.1113",point,fe,,2013-09-18,soil,1.3
"34.691,-111.1113",point,hg,,2013-09-18,soil,0.02
"34.691,-111.1113",point,pb,,2013-09-18,soil,18.2
"31.9927,-112.8047",point,as,,2013-09-18,soil,4.2
"31.9927,-112.8047",point,ba,,2013-09-18,soil,942.0
"31.9927,-112.8047",point,fe,,2013-09-18,soil,3.2
"31.9927,-112.8047",point,hg,,2013-09-18,soil,0.01
"31.9927,-112.8047",point,pb,,2013-09-18,soil,18.7
"32.338,-110.9103",point,as,,2013-09-18,soil,2.1
"32.338,-110.9103",point,ba,,2013-09-18,soil,952.0
"32.338,-110.9103",point,fe,,2013-09-18,soil,2.58
"32.338,-110.9103",point,hg,,2013-09-18,soil,0.01
"32.338,-110.9103",point,pb,,2013-09-18,soil,23.6
"35.2101,-112.6237",point,as,,2013-09-18,soil,4.3
"35.2101,-112.6237",point,ba,,2013-09-18,soil,594.0
"35.2101,-112.6237",point,fe,,2013-09-18,soil,4.06
"35.2101,-112.6237",point,hg,,2013-09-18,soil,0.03
"35.2101,-112.6237",point,pb,,2013-09-18,soil,16.2
"33.8607,-111.7032",point,as,,2013-09-18,soil,10.2
"33.8607,-111.7032",point,ba,,2013-09-18,soil,568.0
"33.8607,-111.7032",point,fe,,2013-09-18,soil,4.78
"33.8607,-111.7032",point,hg,,2013-09-18,soil,0.02
"33.8607,-111.7032",point,pb,,2013-09-18,soil,39.2
"33.8129,-110.9766",point,as,,2013-09-18,soil,6.2
"33.8129,-110.9766",point,ba,,2013-09-18,soil,250.0
"33.8129,-110.9766",point,fe,,2013-09-18,soil,6.63
"33.8129,-110.9766",point,hg,,2013-09-18,soil,0.06
"33.8129,-110.9766",point,pb,,2013-09-18,soil,29.9
"32.8742,-113.2115",point,as,,2013-09-18,soil,3.6
"32.8742,-113.2115",point,ba,,2013-09-18,soil,699.0
"32.8742,-113.2115",point,fe,,2013-09-18,soil,1.88
"32.8742,-113.2115",point,hg,,2013-09-18,soil,0.01
"32.8742,-113.2115",point,pb,,2013-09-18,soil,17.6
"36.5904,-110.8902",point,as,,2013-09-18,soil,1.6
"36.5904,-110.8902",point,ba,,2013-09-18,soil,353.0
"36.5904,-110.8902",point,fe,,2013-09-18,soil,0.58
"36.5904,-110.8902",point,hg,,2013-09-18,soil,0.01
"36.5904,-110.8902",point,pb,,2013-09-18,soil,12.2
"36.806,-109.8851",point,as,,2013-09-18,soil,2.1
"36.806,-109.8851",point,ba,,2013-09-18,soil,465.0
"36.806,-109.8851",point,fe,,2013-09-18,soil,0.74
"36.806,-109.8851",point,pb,,2013-09-18,soil,10.4
"35.5266,-114.2558",point,as,,2013-09-18,soil,2.3
"35.5266,-114.2558",point,ba,,2013-09-18,soil,755.0
"35.5266,-114.2558",point,fe,,2013-09-18,soil,2.22
"35.5266,-114.2558",point,hg,,2013-09-18,soil,0.01
"35.5266,-114.2558",point,pb,,2013-09-18,soil,23.5
"34.9521,-109.5407",point,as,,2013-09-18,soil,1.8
"34.9521,-109.5407",point,ba,,2013-09-18,soil,535.0
"34.9521,-109.5407",point,fe,,2013-09-18,soil,0.8
"34.9521,-109.5407",point,pb,,2013-09-18,soil,10.4
"34.1119,-112.936",point,as,,2013-09-18,soil,1.9
"34.1119,-112.936",point,ba,,2013-09-18,soil,740.0
"34.1119,-112.936",point,fe,,2013-09-18,soil,2.37
"34.1119,-112.936",point,hg,,2013-09-18,soil,0.01
"34.1119,-112.936",point,pb,,2013-09-18,soil,24.5
"36.5851,-114.0121",point,as,,2013-09-18,soil,5.9
"36.5851,-114.0121",point,ba,,2013-09-18,soil,462.0
"36.5851,-114.0121",point,fe,,2013-09-18,soil,1.73
"36.5851,-114.0121",point,hg,,2013-09-18,soil,0.01
"36.5851,-114.0121",point,pb,,2013-09-18,soil,21.1
"34.3397,-112.6308",point,as,,2013-09-18,soil,9.1
"34.3397,-112.6308",point,ba,,2013-09-18,soil,1030.0
"34.3397,-112.6308",point,fe,,2013-09-18,soil,4.88
"34.3397,-112.6308",point,hg,,2013-09-18,soil,0.02
"34.3397,-112.6308",point,pb,,2013-09-18,soil,16.9
"34.6263,-110.1347",point,as,,2013-09-18,soil,4.4
"34.6263,-110.1347",point,ba,,2013-09-18,soil,596.0
"34.6263,-110.1347",point,fe,,2013-09-18,soil,1.69
"34.6263,-110.1347",point,hg,,2013-09-18,soil,0.01
"34.6263,-110.1347",point,pb,,2013-09-18,soil,12.4
"36.0281,-110.6989",point,as,,2013-09-18,soil,1.8
"36.0281,-110.6989",point,ba,,2013-09-18,soil,476.0
"36.0281,-110.6989",point,fe,,2013-09-18,soil,0.77
"36.0281,-110.6989",point,pb,,2013-09-18,soil,12.8
"32.0159,-112.7117",point,as,,2013-09-18,soil,3.4
"32.0159,-112.7117",point,ba,,2013-09-18,soil,990.0
"32.0159,-112.7117",point,fe,,2013-09-18,soil,3.36
"32.0159,-112.7117",point,hg,,2013-09-18,soil,0.02
"32.0159,-112.7117",point,pb,,2013-09-18,soil,19.2
"31.7115,-109.0705",point,as,,2013-09-18,soil,4.4
"31.7115,-109.0705",point,ba,,2013-09-18,soil,381.0
"31.7115,-109.0705",point,fe,,2013-09-18,soil,1.09
"31.7115,-109.0705",point,hg,,2013-09-18,soil,0.02
"31.7115,-109.0705",point,pb,,2013-09-18,soil,27.8
"36.4074,-112.8179",point,as,,2013-09-18,soil,3.4
"36.4074,-112.8179",point,ba,,2013-09-18,soil,405.0
"36.4074,-112.8179",point,fe,,2013-09-18,soil,1.81
"36.4074,-112.8179",point,hg,,2013-09-18,soil,0.02
"36.4074,-112.8179",point,pb,,2013-09-18,soil,16.3
"32.8452,-112.3169",point,as,,2013-09-18,soil,7.7
"32.8452,-112.3169",point,ba,,2013-09-18,soil,593.0
"32.8452,-112.3169",point,fe,,2013-09-18,soil,2.91
"32.8452,-112.3169",point,hg,,2013-09-18,soil,0.01
"32.8452,-112.3169",point,pb,,2013-09-18,soil,17.1
"34.2356,-110.1026",point,as,,2013-09-18,soil,4.3
"34.2356,-110.1026",point,ba,,2013-09-18,soil,291.0
"34.2356,-110.1026",point,fe,,2013-09-18,soil,0.91
"34.2356,-110.1026",point,hg,,2013-09-18,soil,0.03
"34.2356,-110.1026",point,pb,,2013-09-18,soil,18.2
"35.7967,-109.9901",point,as,,2013-09-18,soil,8.4
"35.7967,-109.9901",point,ba,,2013-09-18,soil,629.0
"35.7967,-109.9901",point,fe,,2013-09-18,soil,1.7
"35.7967,-109.9901",point,hg,,2013-09-18,soil,0.01
"35.7967,-109.9901",point,pb,,2013-09-18,soil,20.0
"31.37,-110.813",point,as,,2013-09-18,soil,1.9
"31.37,-110.813",point,ba,,2013-09-18,soil,925.0
"31.37,-110.813",point,fe,,2013-09-18,soil,1.54
"31.37,-110.813",point,hg,,2013-09-18,soil,0.01
"31.37,-110.813",point,pb,,2013-09-18,soil,15.3
"33.4253,-113.6978",point,as,,2013-09-18,soil,6.6
"33.4253,-113.6978",point,ba,,2013-09-18,soil,678.0
"33.4253,-113.6978",point,fe,,2013-09-18,soil,5.31
"33.4253,-113.6978",point,hg,,2013-09-18,soil,0.04
"33.4253,-113.6978",point,pb,,2013-09-18,soil,18.2
"32.1853,-112.9212",point,as,,2013-09-18,soil,3.4
"32.1853,-112.9212",point,ba,,2013-09-18,soil,680.0
"32.1853,-112.9212",point,fe,,2013-09-18,soil,2.61
"32.1853,-112.9212",point,hg,,2013-09-18,soil,0.01
"32.1853,-112.9212",point,pb,,2013-09-18,soil,19.3
"34.8548,-114.0205",point,as,,2013-09-18,soil,3.3
"34.8548,-114.0205",point,ba,,2013-09-18,soil,784.0
"34.8548,-114.0205",point,fe,,2013-09-18,soil,6.66
"34.8548,-114.0205",point,hg,,2013-09-18,soil,0.01
"34.8548,-114.0205",point,pb,,2013-09-18,soil,28.3
"34.5213,-109.2721",point,as,,2013-09-18,soil,1.7
"34.5213,-109.2721",point,ba,,2013-09-18,soil,909.0
"34.5213,-109.2721",point,fe,,2013-09-18,soil,1.39
"34.5213,-109.2721",point,hg,,2013-09-18,soil,0.01
"34.5213,-109.2721",point,pb,,2013-09-18,soil,21.7
"31.8496,-109.9778",point,as,,2013-09-18,soil,7.3
"31.8496,-109.9778",point,ba,,2013-09-18,soil,523.0
"31.8496,-109.9778",point,fe,,2013-09-18,soil,2.15
"31.8496,-109.9778",point,hg,,2013-09-18,soil,0.03
"31.8496,-109.9778",point,pb,,2013-09-18,soil,35.8
"35.4388,-112.6087",point,as,,2013-09-18,soil,5.6
"35.4388,-112.6087",point,ba,,2013-09-18,soil,511.0
"35.4388,-112.6087",point,fe,,2013-09-18,soil,3.51
"35.4388,-112.6087",point,hg,,2013-09-18,soil,0.08
"35.4388,-112.6087",point,pb,,2013-09-18,soil,35.5
"33.9743,-112.1108",point,as,,2013-09-18,soil,6.8
"33.9743,-112.1108",point,ba,,2013-09-18,soil,721.0
"33.9743,-112.1108",point,fe,,2013-09-18,soil,2.59
"33.9743,-112.1108",point,hg,,2013-09-18,soil,0.03
"33.9743,-112.1108",point,pb,,2013-09-18,soil,22.4
"34.1524,-109.8926",point,as,,2013-09-18,soil,5.7
"34.1524,-109.8926",point,ba,,2013-09-18,soil,626.0
"34.1524,-109.8926",point,fe,,2013-09-18,soil,4.65
"34.1524,-109.8926",point,hg,,2013-09-18,soil,0.04
"34.1524,-109.8926",point,pb,,2013-09-18,soil,24.7
"35.4628,-110.3788",point,as,,2013-09-18,soil,4.0
"35.4628,-110.3788",point,ba,,2013-09-18,soil,683.0
"35.4628,-110.3788",point,fe,,2013-09-18,soil,2.73
"35.4628,-110.3788",point,hg,,2013-09-18,soil,0.01
"35.4628,-110.3788",point,pb,,2013-09-18,soil,12.0
"32.5284,-111.4498",point,as,,2013-09-18,soil,10.8
"32.5284,-111.4498",point,ba,,2013-09-18,soil,760.0
"32.5284,-111.4498",point,fe,,2013-09-18,soil,4.36
"32.5284,-111.4498",point,hg,,2013-09-18,soil,0.03
"32.5284,-111.4498",point,pb,,2013-09-18,soil,104.0
"36.9415,-112.0597",point,as,,2013-09-18,soil,6.5
"36.9415,-112.0597",point,ba,,2013-09-18,soil,281.0
"36.9415,-112.0597",point,fe,,2013-09-18,soil,1.16
"36.9415,-112.0597",point,hg,,2013-09-18,soil,0.01
"36.9415,-112.0597",point,pb,,2013-09-18,soil,11.8
"33.3086,-111.2474",point,as,,2013-09-18,soil,15.0
"33.3086,-111.2474",point,ba,,2013-09-18,soil,413.0
"33.3086,-111.2474",point,fe,,2013-09-18,soil,8.44
"33.3086,-111.2474",point,hg,,2013-09-18,soil,0.04
"33.3086,-111.2474",point,pb,,2013-09-18,soil,42.5
"35.5663,-109.3863",point,as,,2013-09-18,soil,3.8
"35.5663,-109.3863",point,ba,,2013-09-18,soil,476.0
"35.5663,-109.3863",point,fe,,2013-09-18,soil,1.35
"35.5663,-109.3863",point,hg,,2013-09-18,soil,0.01
"35.5663,-109.3863",point,pb,,2013-09-18,soil,17.0
"34.0074,-109.4851",point,as,,2013-09-18,soil,6.0
"34.0074,-109.4851",point,ba,,2013-09-18,soil,681.0
"34.0074,-109.4851",point,fe,,2013-09-18,soil,5.84
"34.0074,-109.4851",point,hg,,2013-09-18,soil,0.07
"34.0074,-109.4851",point,pb,,2013-09-18,soil,27.7
"33.279,-113.0388",point,as,,2013-09-18,soil,4.7
"33.279,-113.0388",point,ba,,2013-09-18,soil,334.0
"33.279,-113.0388",point,fe,,2013-09-18,soil,6.47
"33.279,-113.0388",point,hg,,2013-09-18,soil,0.03
"33.279,-113.0388",point,pb,,2013-09-18,soil,10.1
"36.893,-111.4045",point,as,,2013-09-18,soil,2.7
"36.893,-111.4045",point,ba,,2013-09-18,soil,242.0
"36.893,-111.4045",point,fe,,2013-09-18,soil,0.3
"36.893,-111.4045",point,pb,,2013-09-18,soil,6.4
"34.5013,-109.4319",point,as,,2013-09-18,soil,6.3
"34.5013,-109.4319",point,ba,,2013-09-18,soil,1040.0
"34.5013,-109.4319",point,fe,,2013-09-18,soil,3.34
"34.5013,-109.4319",point,hg,,2013-09-18,soil,0.02
"34.5013,-109.4319",point,pb,,2013-09-18,soil,19.7
"31.6078,-111.2356",point,as,,2013-09-18,soil,3.8
"31.6078,-111.2356",point,ba,,2013-09-18,soil,846.0
"31.6078,-111.2356",point,fe,,2013-09-18,soil,2.5
"31.6078,-111.2356",point,hg,,2013-09-18,soil,0.03
"31.6078,-111.2356",point,pb,,2013-09-18,soil,18.8
"31.7787,-110.6447",point,as,,2013-09-18,soil,5.2
"31.7787,-110.6447",point,ba,,2013-09-18,soil,764.0
"31.7787,-110.6447",point,fe,,2013-09-18,soil,1.46
"31.7787,-110.6447",point,hg,,2013-09-18,soil,0.02
"31.7787,-110.6447",point,pb,,2013-09-18,soil,27.0
"35.92,-111.7448",point,as,,2013-09-18,soil,13.8
"35.92,-111.7448",point,ba,,2013-09-18,soil,255.0
"35.92,-111.7448",point,fe,,2013-09-18,soil,1.41
"35.92,-111.7448",point,hg,,2013-09-18,soil,0.01
"35.92,-111.7448",point,pb,,2013-09-18,soil,13.6
"34.4146,-111.789",point,as,,2013-09-18,soil,19.3
"34.4146,-111.789",point,ba,,2013-09-18,soil,503.0
"34.4146,-111.789",point,fe,,2013-09-18,soil,5.78
"34.4146,-111.789",point,hg,,2013-09-18,soil,0.02
"34.4146,-111.789",point,pb,,2013-09-18,soil,9.2
"32.9058,-110.4145",point,as,,2013-09-18,soil,4.6
"32.9058,-110.4145",point,ba,,2013-09-18,soil,674.0
"32.9058,-110.4145",point,fe,,2013-09-18,soil,2.13
"32.9058,-110.4145",point,hg,,2013-09-18,soil,0.04
"32.9058,-110.4145",point,pb,,2013-09-18,soil,35.6
"35.6719,-110.9637",point,as,,2013-09-18,soil,2.8
"35.6719,-110.9637",point,ba,,2013-09-18,soil,808.0
"35.6719,-110.9637",point,fe,,2013-09-18,soil,1.21
"35.6719,-110.9637",point,pb,,2013-09-18,soil,13.7
"36.6077,-111.8499",point,as,,2013-09-18,soil,7.3
"36.6077,-111.8499",point,ba,,2013-09-18,soil,364.0
"36.6077,-111.8499",point,fe,,2013-09-18,soil,1.43
"36.6077,-111.8499",point,hg,,2013-09-18,soil,0.02
"36.6077,-111.8499",point,pb,,2013-09-18,soil,11.0
"32.8869,-111.5453",point,as,,2013-09-18,soil,6.4
"32.8869,-111.5453",point,ba,,2013-09-18,soil,873.0
"32.8869,-111.5453",point,fe,,2013-09-18,soil,1.85
"32.8869,-111.5453",point,hg,,2013-09-18,soil,0.01
"32.8869,-111.5453",point,pb,,2013-09-18,soil,22.4
"33.0139,-114.232",point,as,,2013-09-18,soil,10.1
"33.0139,-114.232",point,ba,,2013-09-18,soil,753.0
"33.0139,-114.232",point,fe,,2013-09-18,soil,2.37
"33.0139,-114.232",point,hg,,2013-09-18,soil,0.02
"33.0139,-114.232",point,pb,,2013-09-18,soil,59.0
"35.9776,-112.8662",point,as,,2013-09-18,soil,16.9
"35.9776,-112.8662",point,ba,,2013-09-18,soil,350.0
"35.9776,-112.8662",point,fe,,2013-09-18,soil,1.83
"35.9776,-112.8662",point,hg,,2013-09-18,soil,0.02
"35.9776,-112.8662",point,pb,,2013-09-18,soil,15.6
"32.2339,-112.9053",point,as,,2013-09-18,soil,5.5
"32.2339,-112.9053",point,ba,,2013-09-18,soil,664.0
"32.2339,-112.9053",point,fe,,2013-09-18,soil,2.46
"32.2339,-112.9053",point,hg,,2013-09-18,soil,0.02
"32.2339,-112.9053",point,pb,,2013-09-18,soil,21.2
"34.8974,-112.9364",point,as,,2013-09-18,soil,1.8
"34.8974,-112.9364",point,ba,,2013-09-18,soil,557.0
"34.8974,-112.9364",point,fe,,2013-09-18,soil,2.34
"34.8974,-112.9364",point,hg,,2013-09-18,soil,0.02
"34.8974,-112.9364",point,pb,,2013-09-18,soil,24.0
"34.3957,-112.954",point,as,,2013-09-18,soil,2.5
"34.3957,-112.954",point,ba,,2013-09-18,soil,780.0
"34.3957,-112.954",point,fe,,2013-09-18,soil,7.08
"34.3957,-112.954",point,hg,,2013-09-18,soil,0.01
"34.3957,-112.954",point,pb,,2013-09-18,soil,40.6
"36.441,-113.5953",point,as,,2013-09-18,soil,9.4
"36.441,-113.5953",point,ba,,2013-09-18,soil,540.0
"36.441,-113.5953",point,fe,,2013-09-18,soil,3.03
"36.441,-113.5953",point,hg,,2013-09-18,soil,0.03
"36.441,-113.5953",point,pb,,2013-09-18,soil,20.2
"34.4976,-110.9691",point,as,,2013-09-18,soil,3.4
"34.4976,-110.9691",point,ba,,2013-09-18,soil,311.0
"34.4976,-110.9691",point,fe,,2013-09-18,soil,1.77
"34.4976,-110.9691",point,hg,,2013-09-18,soil,0.01
"34.4976,-110.9691",point,pb,,2013-09-18,soil,12.9
"32.4501,-111.745",point,as,,2013-09-18,soil,6.4
"32.4501,-111.745",point,ba,,2013-09-18,soil,823.0
"32.4501,-111.745",point,fe,,2013-09-18,soil,2.3
"32.4501,-111.745",point,hg,,2013-09-18,soil,0.01
"32.4501,-111.745",point,pb,,2013-09-18,soil,27.9
"32.5754,-110.5214",point,as,,2013-09-18,soil,5.3
"32.5754,-110.5214",point,ba,,2013-09-18,soil,565.0
"32.5754,-110.5214",point,fe,,2013-09-18,soil,2.56
"32.5754,-110.5214",point,hg,,2013-09-18,soil,0.03
"32.5754,-110.5214",point,pb,,2013-09-18,soil,29.8
"35.2626,-112.4258",point,as,,2013-09-18,soil,6.4
"35.2626,-112.4258",point,ba,,2013-09-18,soil,220.0
"35.2626,-112.4258",point,fe,,2013-09-18,soil,0.91
"35.2626,-112.4258",point,hg,,2013-09-18,soil,0.04
"35.2626,-112.4258",point,pb,,2013-09-18,soil,17.2
"33.0738,-111.9797",point,as,,2013-09-18,soil,10.4
"33.0738,-111.9797",point,ba,,2013-09-18,soil,719.0
"33.0738,-111.9797",point,fe,,2013-09-18,soil,2.51
"33.0738,-111.9797",point,hg,,2013-09-18,soil,0.01
"33.0738,-111.9797",point,pb,,2013-09-18,soil,35.0
"33.4773,-110.851",point,as,,2013-09-18,soil,6.7
"33.4773,-110.851",point,ba,,2013-09-18,soil,595.0
"33.4773,-110.851",point,fe,,2013-09-18,soil,4.29
"33.4773,-110.851",point,hg,,2013-09-18,soil,0.02
"33.4773,-110.851",point,pb,,2013-09-18,soil,50.8
